-- phpMyAdmin SQL Dump
-- version 5.0.1
-- https://www.phpmyadmin.net/
--
-- Host: 127.0.0.1
-- Generation Time: Apr 06, 2020 at 01:10 PM
-- Server version: 10.4.11-MariaDB
-- PHP Version: 7.2.27

SET SQL_MODE = "NO_AUTO_VALUE_ON_ZERO";
SET AUTOCOMMIT = 0;
START TRANSACTION;
SET time_zone = "+00:00";


/*!40101 SET @OLD_CHARACTER_SET_CLIENT=@@CHARACTER_SET_CLIENT */;
/*!40101 SET @OLD_CHARACTER_SET_RESULTS=@@CHARACTER_SET_RESULTS */;
/*!40101 SET @OLD_COLLATION_CONNECTION=@@COLLATION_CONNECTION */;
/*!40101 SET NAMES utf8mb4 */;

--
-- Database: `planner`
--

-- --------------------------------------------------------

--
-- Table structure for table `course1`
--

CREATE TABLE `course1` (
  `course_id` varchar(255) NOT NULL,
  `course_number` varchar(255) DEFAULT NULL,
  `course_address` varchar(255) DEFAULT NULL,
  `course_title` varchar(255) DEFAULT NULL,
  `course_hours` varchar(255) DEFAULT NULL,
  `course_description` varchar(255) DEFAULT NULL,
  `course_prerequisite_link` varchar(255) DEFAULT NULL,
  `course_prerequisite` varchar(255) DEFAULT NULL,
  `course_corequisite_link` varchar(255) DEFAULT NULL,
  `course_corequisite` varchar(255) DEFAULT NULL,
  `course_TimeCreated` timestamp NOT NULL DEFAULT current_timestamp(),
  `course_TimeUpdated` timestamp NOT NULL DEFAULT current_timestamp()
) ENGINE=InnoDB DEFAULT CHARSET=utf8mb4;

--
-- Dumping data for table `course1`
--

INSERT INTO `course1` (`course_id`, `course_number`, `course_address`, `course_title`, `course_hours`, `course_description`, `course_prerequisite_link`, `course_prerequisite`, `course_corequisite_link`, `course_corequisite`, `course_TimeCreated`, `course_TimeUpdated`) VALUES
('cs5301', '<p id=\"cs5301\">\r\n<span class=\"course_course_address\">\r\n<a href=\"https://catalog.utdallas.edu/2019/graduate/courses/cs5301\">CS 5301</a></span>\r\n<span class=\"course_tccns\">(\r\n<a href=\"https://catalog.utdallas.edu/2019/graduate/courses/eegr5301\">EEGR 5301</a', '<span class=\"course_course_address\">\r\n<a href=\"https://catalog.utdallas.edu/2019/graduate/courses/cs5301\">CS 5301</a></span>\r\n<span class=\"course_tccns\">(\r\n<a href=\"https://catalog.utdallas.edu/2019/graduate/courses/eegr5301\">EEGR 5301</a>\r\n)</span>\r\n<spa', '( EEGR 5301 )', 'Professional and Technical Communication', 'This course utilizes an integrated approach to writing and speaking for the technical professions. The advanced writing components of the course focus on writing professional quality technical documents such as proposals, memos, abstracts, reports, letter', NULL, NULL, NULL, NULL, '2020-03-08 08:00:00', '2020-03-08 08:00:00'),
('cs5302', '<p id=\"cs5302\"><span class=\"course_course_address\">\r\n<a href=\"https://catalog.utdallas.edu/2019/graduate/courses/cs5302\">CS 5302</a></span> <span class=\"course_title\">Topics in Computer Science</span> <span class=\"course_hours\">(3 semester credit hours)</', '<span class=\"course_course_address\">\r\n<a href=\"https://catalog.utdallas.edu/2019/graduate/courses/cs5302\">CS 5302</a></span> <span class=\"course_title\">Topics in Computer Science</span> <span class=\"course_hours\">(3 semester credit hours)</span> May be re', 'Topics in Computer Science', '(3 semester credit hours)', 'May be repeated for credit as topics vary (6 semester credit hours maximum). Prerequisite:', '<a href=\"https://catalog.utdallas.edu/2019/graduate/courses/cs5343\">CS 5343</a>', 'CS 5343', NULL, NULL, '2020-03-08 08:00:00', '2020-03-08 08:00:00'),
('cs5303', '<p id=\"cs5303\"><span class=\"course_course_address\"><a href=\"https://catalog.utdallas.edu/2019/graduate/courses/cs5303\">CS 5303</a></span> <span class=\"course_title\">Computer Science I</span> <span class=\"course_hours\">(3 semester credit hours)</span> Comp', '<span class=\"course_course_address\"><a href=\"https://catalog.utdallas.edu/2019/graduate/courses/cs5303\">CS 5303</a></span> <span class=\"course_title\">Computer Science I</span> <span class=\"course_hours\">(3 semester credit hours)</span> Computer science pr', 'Computer Science I', '(3 semester credit hours)', 'Computer science problem solving. The structure and nature of algorithms and their corresponding computer program implementation. Programming in a high level block-structured language (e.g., PASCAL, Ada, C++, or JAVA). Elementary data structures: arrays, ', NULL, NULL, NULL, NULL, '2020-03-08 08:00:00', '2020-03-08 08:00:00'),
('cs5330', '<p id=\"cs5330\"><span class=\"course_course_address\"><a href=\"https://catalog.utdallas.edu/2019/graduate/courses/cs5330\">CS 5330</a></span> <span class=\"course_title\">Computer Science II</span> <span class=\"course_hours\">(3 semester credit hours)</span> Bas', '<span class=\"course_course_address\"><a href=\"https://catalog.utdallas.edu/2019/graduate/courses/cs5330\">CS 5330</a></span> <span class=\"course_title\">Computer Science II</span> <span class=\"course_hours\">(3 semester credit hours)</span> Basic concepts of ', 'Computer Science II', '(3 semester credit hours)', 'Basic concepts of computer organization: Numbering systems, two\'s complement notation, multi-level machine concepts, machine language, assembly programming and optimization, subroutine calls, course_addressing modes, code generation process, CPU datapath,', '<a href=\"https://catalog.utdallas.edu/2019/graduate/courses/cs5303\">CS 5303</a>', 'CS 5303', NULL, NULL, '2020-03-08 08:00:00', '2020-03-08 08:00:00'),
('cs5333', '<p id=\"cs5333\"><span class=\"course_course_address\"><a href=\"https://catalog.utdallas.edu/2019/graduate/courses/cs5333\">CS 5333</a></span> <span class=\"course_title\">Discrete Structures</span> <span class=\"course_hours\">(3 semester credit hours)</span> Mat', '<span class=\"course_course_address\"><a href=\"https://catalog.utdallas.edu/2019/graduate/courses/cs5333\">CS 5333</a></span> <span class=\"course_title\">Discrete Structures</span> <span class=\"course_hours\">(3 semester credit hours)</span> Mathematical found', 'Discrete Structures', '(3 semester credit hours)', 'Mathematical foundations of computer science. Logic, sets, relations, graphs and algebraic structures. Combinatorics and metrics for performance evaluation of algorithms. Prerequisite: ENCS majors only. (3-0) S', NULL, NULL, NULL, NULL, '2020-03-08 08:00:00', '2020-03-08 08:00:00'),
('cs5336', '<p id=\"cs5336\"><span class=\"course_course_address\"><a href=\"https://catalog.utdallas.edu/2019/graduate/courses/cs5336\">CS 5336</a></span> <span class=\"course_title\">Programming Projects in Java</span> <span class=\"course_hours\">(3 semester credit hours)</', '<span class=\"course_course_address\"><a href=\"https://catalog.utdallas.edu/2019/graduate/courses/cs5336\">CS 5336</a></span> <span class=\"course_title\">Programming Projects in Java</span> <span class=\"course_hours\">(3 semester credit hours)</span> Overview ', 'Programming Projects in Java', '(3 semester credit hours)', 'Overview of the object-oriented philosophy. Implementation of object-oriented designs using the Java programming environment. Emphasis on using the browser to access and extend the Java class library. Prerequisite:', '<a href=\"https://catalog.utdallas.edu/2019/graduate/courses/cs5303\">CS 5303</a>', 'CS 5303', NULL, NULL, '2020-03-08 08:00:00', '2020-03-08 08:00:00'),
('cs5343', '<p id=\"cs5343\"><span class=\"course_course_address\"><a href=\"https://catalog.utdallas.edu/2019/graduate/courses/cs5343\">CS 5343</a></span> <span class=\"course_title\">Algorithm Analysis and Data Structures</span> <span class=\"course_hours\">(3 semester credi', '<span class=\"course_course_address\"><a href=\"https://catalog.utdallas.edu/2019/graduate/courses/cs5343\">CS 5343</a></span> <span class=\"course_title\">Algorithm Analysis and Data Structures</span> <span class=\"course_hours\">(3 semester credit hours)</span>', 'Algorithm Analysis and Data Structures', '(3 semester credit hours)', 'Formal specifications and representation of lists, arrays, trees, graphs, multilinked structures, strings, and recursive pattern structures. Analysis of associated algorithms. Sorting and searching, file structures. Relational data models. Prerequisite:', '<a href=\"https://catalog.utdallas.edu/2019/graduate/courses/cs5303\">CS 5303</a>', 'CS 5303', '<a href=\"https://catalog.utdallas.edu/2019/graduate/courses/cs5333\">CS 5333</a>', 'CS 5333', '2020-03-08 08:00:00', '2020-03-08 08:00:00'),
('cs5348', '<p id=\"cs5348\"><span class=\"course_course_address\"><a href=\"https://catalog.utdallas.edu/2019/graduate/courses/cs5348\">CS 5348</a></span> <span class=\"course_title\">Operating Systems Concepts</span> <span class=\"course_hours\">(3 semester credit hours)</sp', '<span class=\"course_course_address\"><a href=\"https://catalog.utdallas.edu/2019/graduate/courses/cs5348\">CS 5348</a></span> <span class=\"course_title\">Operating Systems Concepts</span> <span class=\"course_hours\">(3 semester credit hours)</span> Processes a', 'Operating Systems Concepts', '(3 semester credit hours)', 'Processes and threads. Concurrency issues including semaphores, monitors and deadlocks. Simple memory management. Virtual memory management. CPU scheduling algorithms. I/O management. File management. Introduction to distributed systems. Must have a worki', '<a href=\"https://catalog.utdallas.edu/2019/graduate/courses/cs5330\">CS 5330</a>', 'CS 5330', '<a href=\"https://catalog.utdallas.edu/2019/graduate/courses/cs5343\">CS 5343</a>', 'CS 5343', '2020-03-08 08:00:00', '2020-03-08 08:00:00'),
('cs5349', '<p id=\"cs5349\"><span class=\"course_course_address\"><a href=\"https://catalog.utdallas.edu/2019/graduate/courses/cs5349\">CS 5349</a></span> <span class=\"course_title\">Automata Theory</span> <span class=\"course_hours\">(3 semester credit hours)</span> Determi', '<span class=\"course_course_address\"><a href=\"https://catalog.utdallas.edu/2019/graduate/courses/cs5349\">CS 5349</a></span> <span class=\"course_title\">Automata Theory</span> <span class=\"course_hours\">(3 semester credit hours)</span> Deterministic and nond', 'Automata Theory', '(3 semester credit hours)', 'Deterministic and nondeterministic finite automata; regular expressions, regular sets, context-free grammars, pushdown automata, context free languages. Selected topics from Turing Machines and undecidability. Prerequisite:', '<a href=\"https://catalog.utdallas.edu/2019/graduate/courses/cs5333\">CS 5333</a>', 'CS 5333', NULL, NULL, '2020-03-08 08:00:00', '2020-03-08 08:00:00'),
('cs5375', '<p id=\"cs5375\"><span class=\"course_course_address\"><a href=\"https://catalog.utdallas.edu/2019/graduate/courses/cs5375\">CS 5375</a></span> <span class=\"course_title\">Principles of UNIX</span> <span class=\"course_hours\">(3 semester credit hours)</span> Desi', '<span class=\"course_course_address\"><a href=\"https://catalog.utdallas.edu/2019/graduate/courses/cs5375\">CS 5375</a></span> <span class=\"course_title\">Principles of UNIX</span> <span class=\"course_hours\">(3 semester credit hours)</span> Design and history ', 'Principles of UNIX', '(3 semester credit hours)', 'Design and history of the UNIX operating system. Detailed study of process and file system data structures. Shell programming in UNIX. Use of process-forking functionality of UNIX to simplify complex problems. Interprocess communication and coordination. ', '<a href=\"https://catalog.utdallas.edu/2019/undergraduate/courses/cs3335\">CS 3335</a>', 'CS 3335', '<a href=\"https://catalog.utdallas.edu/2019/graduate/courses/cs5343\">CS 5343</a>', 'CS 5343', '2020-03-08 08:00:00', '2020-03-08 08:00:00'),
('cs5390', '<p id=\"cs5390\"><span class=\"course_course_address\"><a href=\"https://catalog.utdallas.edu/2019/graduate/courses/cs5390\">CS 5390</a></span> <span class=\"course_title\">Computer Networks</span> <span class=\"course_hours\">(3 semester credit hours)</span> The d', '<span class=\"course_course_address\"><a href=\"https://catalog.utdallas.edu/2019/graduate/courses/cs5390\">CS 5390</a></span> <span class=\"course_title\">Computer Networks</span> <span class=\"course_hours\">(3 semester credit hours)</span> The design and analy', 'Computer Networks', '(3 semester credit hours)', 'The design and analysis of protocols for computer networking. Topics include: network protocol design and composition via layering, contention resolution in multi-access networks, routing metrics and optimal path searching, traffic management, global netw', '<a href=\"https://catalog.utdallas.edu/2019/graduate/courses/cs5343\">CS 5343</a>', 'CS 5343', NULL, NULL, '2020-03-08 08:00:00', '2020-03-08 08:00:00'),
('cs5v71', '<p id=\"cs5v71\"><span class=\"course_course_address\"><a href=\"https://catalog.utdallas.edu/2019/graduate/courses/cs5v71\">CS 5V71</a></span> <span class=\"course_title\">Cooperative Education</span> <span class=\"course_hours\">(1-3 semester credit hours)</span>', '<span class=\"course_course_address\"><a href=\"https://catalog.utdallas.edu/2019/graduate/courses/cs5v71\">CS 5V71</a></span> <span class=\"course_title\">Cooperative Education</span> <span class=\"course_hours\">(1-3 semester credit hours)</span> Placement in a', 'Cooperative Education', '(1-3 semester credit hours)', 'Placement in a faculty-supervised work environment in industry or government. Sites may be local or out-of-state. The cooperative education program provides exposure to a professional working environment, application of theory to working realities, and an', NULL, NULL, NULL, NULL, '2020-03-08 08:00:00', '2020-03-08 08:00:00'),
('cs5v81', '<p id=\"cs5v81\"><span class=\"course_course_address\"><a href=\"https://catalog.utdallas.edu/2019/graduate/courses/cs5v81\">CS 5V81</a></span> <span class=\"course_title\">Special Topics in Computer Science</span> <span class=\"course_hours\">(1-9 semester credit ', '<span class=\"course_course_address\"><a href=\"https://catalog.utdallas.edu/2019/graduate/courses/cs5v81\">CS 5V81</a></span> <span class=\"course_title\">Special Topics in Computer Science</span> <span class=\"course_hours\">(1-9 semester credit hours)</span> M', 'Special Topics in Computer Science', '(1-9 semester credit hours)', 'May be repeated as topics vary (9 semester credit hours maximum). Prerequisites: ENCS majors only and instructor consent required. ([1-9]-0) S', NULL, NULL, NULL, NULL, '2020-03-08 08:00:00', '2020-03-08 08:00:00'),
('cs6301', '<p id=\"cs6301\"><span class=\"course_course_address\"><a href=\"https://catalog.utdallas.edu/2019/graduate/courses/cs6301\">CS 6301</a></span> <span class=\"course_title\">Special Topics in Computer Science</span> <span class=\"course_hours\">(3 semester credit ho', '<span class=\"course_course_address\"><a href=\"https://catalog.utdallas.edu/2019/graduate/courses/cs6301\">CS 6301</a></span> <span class=\"course_title\">Special Topics in Computer Science</span> <span class=\"course_hours\">(3 semester credit hours)</span> May', 'Special Topics in Computer Science', '(3 semester credit hours)', 'May be repeated for credit as topics vary. Prerequisite:', '<a href=\"https://catalog.utdallas.edu/2019/graduate/courses/cs5343\">CS 5343</a>', 'CS 5343', NULL, NULL, '2020-03-08 08:00:00', '2020-03-08 08:00:00'),
('cs6302', '<p id=\"cs6302\"><span class=\"course_course_address\"><a href=\"https://catalog.utdallas.edu/2019/graduate/courses/cs6302\">CS 6302</a></span> <span class=\"course_title\">Special Topics in Computer Science</span> <span class=\"course_hours\">(3 semester credit ho', '<span class=\"course_course_address\"><a href=\"https://catalog.utdallas.edu/2019/graduate/courses/cs6302\">CS 6302</a></span> <span class=\"course_title\">Special Topics in Computer Science</span> <span class=\"course_hours\">(3 semester credit hours)</span> Spe', 'Special Topics in Computer Science', '(3 semester credit hours)', 'Special Topics in Computer Science for Non-CS/SE Majors. Prerequisite:', '<a href=\"https://catalog.utdallas.edu/2019/graduate/courses/cs5303\">CS 5303</a>', 'CS 5303', NULL, NULL, '2020-03-08 08:00:00', '2020-03-08 08:00:00'),
('cs6304', '<p id=\"cs6304\"><span class=\"course_course_address\"><a href=\"https://catalog.utdallas.edu/2019/graduate/courses/cs6304\">CS 6304</a></span> <span class=\"course_tccns\">(<a href=\"https://catalog.utdallas.edu/2019/graduate/courses/ce6304\">CE 6304</a> and <a hr', '<span class=\"course_course_address\"><a href=\"https://catalog.utdallas.edu/2019/graduate/courses/cs6304\">CS 6304</a></span> <span class=\"course_tccns\">(<a href=\"https://catalog.utdallas.edu/2019/graduate/courses/ce6304\">CE 6304</a> and <a href=\"https://cat', '(CE 6304 and EEDG 6304)', 'Computer Architecture', 'Trends in processor, memory, I/O and system design. Techniques for quantitative analysis and evaluation of computer systems to understand and compare alternative design choices in system design. Components in high performance processors and computers: pip', NULL, NULL, NULL, NULL, '2020-03-08 08:00:00', '2020-03-08 08:00:00'),
('cs6307', '<p id=\"cs6307\"><span class=\"course_course_address\"><a href=\"https://catalog.utdallas.edu/2019/graduate/courses/cs6307\">CS 6307</a></span> <span class=\"course_title\">Introduction to Big Data Management and Analytics for non CS-Majors</span> <span class=\"co', '<span class=\"course_course_address\"><a href=\"https://catalog.utdallas.edu/2019/graduate/courses/cs6307\">CS 6307</a></span> <span class=\"course_title\">Introduction to Big Data Management and Analytics for non CS-Majors</span> <span class=\"course_hours\">(3 ', 'Introduction to Big Data Management and Analytics for non CS-Majors', '(3 semester credit hours)', 'Database fundamentals including Query Processing, Parallel/Distributed Data Processing, NoSQL systems (e.g., Key-value stores, Column-oriented data stores, MapReduce), Graph Processing, and Recommendation Systems using Big Data technologies. This course c', '<a href=\"https://catalog.utdallas.edu/2019/graduate/courses/cs5303\">CS 5303</a>', 'CS 5303', '<a href=\"https://catalog.utdallas.edu/2019/graduate/courses/cs5343\">CS 5343</a>', 'CS 5343', '2020-03-08 08:00:00', '2020-03-08 08:00:00'),
('cs6313', '<p id=\"cs6313\"><span class=\"course_course_address\"><a href=\"https://catalog.utdallas.edu/2019/graduate/courses/cs6313\">CS 6313</a></span> <span class=\"course_tccns\">(<a href=\"https://catalog.utdallas.edu/2019/graduate/courses/stat6313\">STAT 6313</a>)</spa', '<span class=\"course_course_address\"><a href=\"https://catalog.utdallas.edu/2019/graduate/courses/cs6313\">CS 6313</a></span> <span class=\"course_tccns\">(<a href=\"https://catalog.utdallas.edu/2019/graduate/courses/stat6313\">STAT 6313</a>)</span> <span class=', '(STAT 6313)', 'Statistical Methods for Data Science', 'Statistical methods for data science. Statistical Methods are developed at an intermediate level. Sampling distributions. Point and interval estimation. Parametric and nonparametric hypothesis testing. Analysis of variance. Regression, model building and ', NULL, NULL, NULL, NULL, '2020-03-08 08:00:00', '2020-03-08 08:00:00'),
('cs6314', '<p id=\"cs6314\"><span class=\"course_course_address\"><a href=\"https://catalog.utdallas.edu/2019/graduate/courses/cs6314\">CS 6314</a></span> <span class=\"course_title\">Web Programming Languages</span> <span class=\"course_hours\">(3 semester credit hours)</spa', '<span class=\"course_course_address\"><a href=\"https://catalog.utdallas.edu/2019/graduate/courses/cs6314\">CS 6314</a></span> <span class=\"course_title\">Web Programming Languages</span> <span class=\"course_hours\">(3 semester credit hours)</span> Advanced und', 'Web Programming Languages', '(3 semester credit hours)', 'Advanced understanding of web architecture, standards, protocols, tools, and technologies. Tools required for web programming including HTML, CSS, and JavaScript; XML and database technologies; server-side programming using PHP; Web security protocols and', '<a href=\"https://catalog.utdallas.edu/2019/graduate/courses/cs5343\">CS 5343</a>', 'CS 5343', NULL, NULL, '2020-03-08 08:00:00', '2020-03-08 08:00:00'),
('cs6315', '<p id=\"cs6315\"><span class=\"course_course_address\"><a href=\"https://catalog.utdallas.edu/2019/graduate/courses/cs6315\">CS 6315</a></span> <span class=\"course_title\">Semantic Web</span> <span class=\"course_hours\">(3 semester credit hours)</span> History an', '<span class=\"course_course_address\"><a href=\"https://catalog.utdallas.edu/2019/graduate/courses/cs6315\">CS 6315</a></span> <span class=\"course_title\">Semantic Web</span> <span class=\"course_hours\">(3 semester credit hours)</span> History and foundations o', 'Semantic Web', '(3 semester credit hours)', 'History and foundations of semantic web. URIs and namespaces; XML and XMLS Datatypes, RDF and RDF/XML, RDFS, and OWL (Lite, DL and Full); applications of semantic web; introduction to OWL 2 features and profiles; design patterns used in the creation of se', '<a href=\"https://catalog.utdallas.edu/2019/graduate/courses/cs5343\">CS 5343</a>', 'CS 5343', NULL, NULL, '2020-03-08 08:00:00', '2020-03-08 08:00:00'),
('cs6320', '<p id=\"cs6320\"><span class=\"course_course_address\"><a href=\"https://catalog.utdallas.edu/2019/graduate/courses/cs6320\">CS 6320</a></span> <span class=\"course_title\">Natural Language Processing</span> <span class=\"course_hours\">(3 semester credit hours)</s', '<span class=\"course_course_address\"><a href=\"https://catalog.utdallas.edu/2019/graduate/courses/cs6320\">CS 6320</a></span> <span class=\"course_title\">Natural Language Processing</span> <span class=\"course_hours\">(3 semester credit hours)</span> This cours', 'Natural Language Processing', '(3 semester credit hours)', 'This course covers state-of-the-art methods for natural language processing. After an introduction to the basics of syntax, semantic, and discourse analysis, the focus shifts to the integration of these modules into natural-language processing systems. In', '<a href=\"https://catalog.utdallas.edu/2019/graduate/courses/cs5343\">CS 5343</a>', 'CS 5343', NULL, NULL, '2020-03-08 08:00:00', '2020-03-08 08:00:00'),
('cs6321', '<p id=\"cs6321\"><span class=\"course_course_address\"><a href=\"https://catalog.utdallas.edu/2019/graduate/courses/cs6321\">CS 6321</a></span> <span class=\"course_title\">Discourse Processing</span> <span class=\"course_hours\">(3 semester credit hours)</span> In', '<span class=\"course_course_address\"><a href=\"https://catalog.utdallas.edu/2019/graduate/courses/cs6321\">CS 6321</a></span> <span class=\"course_title\">Discourse Processing</span> <span class=\"course_hours\">(3 semester credit hours)</span> Introduction to d', 'Discourse Processing', '(3 semester credit hours)', 'Introduction to discourse processing from natural language texts. Automatic clustering of utterances into coherent units (segments) with hierarchical structures. State-of-the-art research in textual cohesion, coherence, and discourse understanding. Includ', '<a href=\"https://catalog.utdallas.edu/2019/graduate/courses/cs6320\">CS 6320</a>', 'CS 6320', NULL, NULL, '2020-03-08 08:00:00', '2020-03-08 08:00:00'),
('cs6322', '<p id=\"cs6322\"><span class=\"course_course_address\"><a href=\"https://catalog.utdallas.edu/2019/graduate/courses/cs6322\">CS 6322</a></span> <span class=\"course_title\">Information Retrieval</span> <span class=\"course_hours\">(3 semester credit hours)</span> T', '<span class=\"course_course_address\"><a href=\"https://catalog.utdallas.edu/2019/graduate/courses/cs6322\">CS 6322</a></span> <span class=\"course_title\">Information Retrieval</span> <span class=\"course_hours\">(3 semester credit hours)</span> This course cove', 'Information Retrieval', '(3 semester credit hours)', 'This course covers modern techniques for storing and retrieving unformatted textual data and providing answers to natural language queries. Current research topics and applications of information retrieval in data mining, data warehousing, text mining, di', '<a href=\"https://catalog.utdallas.edu/2019/graduate/courses/cs5343\">CS 5343</a>', 'CS 5343', NULL, NULL, '2020-03-08 08:00:00', '2020-03-08 08:00:00'),
('cs6323', '<p id=\"cs6323\"><span class=\"course_course_address\"><a href=\"https://catalog.utdallas.edu/2019/graduate/courses/cs6323\">CS 6323</a></span> <span class=\"course_title\">Computer Animation and Gaming</span> <span class=\"course_hours\">(3 semester credit hours)<', '<span class=\"course_course_address\"><a href=\"https://catalog.utdallas.edu/2019/graduate/courses/cs6323\">CS 6323</a></span> <span class=\"course_title\">Computer Animation and Gaming</span> <span class=\"course_hours\">(3 semester credit hours)</span> Theoreti', 'Computer Animation and Gaming', '(3 semester credit hours)', 'Theoretical foundations and programming techniques involved in computer animation and game engines. Specific topics include 2D and 3D transformations, skeletons, forward and inverse kinematics, skinning, keyframing, particle systems, rigid bodies, cloth a', '<a href=\"https://catalog.utdallas.edu/2019/graduate/courses/cs5343\">CS 5343</a>', 'CS 5343', NULL, NULL, '2020-03-08 08:00:00', '2020-03-08 08:00:00'),
('cs6324', '<p id=\"cs6324\"><span class=\"course_course_address\"><a href=\"https://catalog.utdallas.edu/2019/graduate/courses/cs6324\">CS 6324</a></span> <span class=\"course_title\">Information Security</span> <span class=\"course_hours\">(3 semester credit hours)</span> A ', '<span class=\"course_course_address\"><a href=\"https://catalog.utdallas.edu/2019/graduate/courses/cs6324\">CS 6324</a></span> <span class=\"course_title\">Information Security</span> <span class=\"course_hours\">(3 semester credit hours)</span> A comprehensive s', 'Information Security', '(3 semester credit hours)', 'A comprehensive study of security vulnerabilities in information systems and the basic techniques for developing secure applications and practicing safe computing. Topics include common attacking techniques such as buffer overflow, Trojan, virus, etc. UNI', '<a href=\"https://catalog.utdallas.edu/2019/graduate/courses/cs5343\">CS 5343</a>', 'CS 5343', '<a href=\"https://catalog.utdallas.edu/2019/graduate/courses/cs5348\">CS 5348</a>', 'CS 5348', '2020-03-08 08:00:00', '2020-03-08 08:00:00'),
('cs6325', '<p id=\"cs6325\"><span class=\"course_course_address\"><a href=\"https://catalog.utdallas.edu/2019/graduate/courses/cs6325\">CS 6325</a></span> <span class=\"course_title\">Introduction to Bioinformatics</span> <span class=\"course_hours\">(3 semester credit hours)', '<span class=\"course_course_address\"><a href=\"https://catalog.utdallas.edu/2019/graduate/courses/cs6325\">CS 6325</a></span> <span class=\"course_title\">Introduction to Bioinformatics</span> <span class=\"course_hours\">(3 semester credit hours)</span> The cou', 'Introduction to Bioinformatics', '(3 semester credit hours)', 'The course provides a broad overview of the bioinformatics field. Comprehensive introduction to molecular biology and molecular genetics for a program of study in bioinformatics. Discussion of elementary computer algorithms in biology (e.g., sequence alig', '<a href=\"https://catalog.utdallas.edu/2019/graduate/courses/cs5343\">CS 5343</a>', 'CS 5343', NULL, NULL, '2020-03-08 08:00:00', '2020-03-08 08:00:00'),
('cs6326', '<p id=\"cs6326\"><span class=\"course_course_address\"><a href=\"https://catalog.utdallas.edu/2019/graduate/courses/cs6326\">CS 6326</a></span> <span class=\"course_title\">Human Computer Interactions</span> <span class=\"course_hours\">(3 semester credit hours)</s', '<span class=\"course_course_address\"><a href=\"https://catalog.utdallas.edu/2019/graduate/courses/cs6326\">CS 6326</a></span> <span class=\"course_title\">Human Computer Interactions</span> <span class=\"course_hours\">(3 semester credit hours)</span> In-depth e', 'Human Computer Interactions', '(3 semester credit hours)', 'In-depth exploration of human-computer interactions (HCI). Models and principles of HCI. The user experience (UX) lifecycle and design guidelines for a wide variety of advanced interfaces, such as mobile devices and 3D sensors. UX evaluation of interface ', '<a href=\"https://catalog.utdallas.edu/2019/graduate/courses/cs5343\">CS 5343</a>', 'CS 5343', NULL, NULL, '2020-03-08 08:00:00', '2020-03-08 08:00:00'),
('cs6327', '<p id=\"cs6327\"><span class=\"course_course_address\"><a href=\"https://catalog.utdallas.edu/2019/graduate/courses/cs6327\">CS 6327</a></span> <span class=\"course_title\">Video Analytics</span> <span class=\"course_hours\">(3 semester credit hours)</span> In-dept', '<span class=\"course_course_address\"><a href=\"https://catalog.utdallas.edu/2019/graduate/courses/cs6327\">CS 6327</a></span> <span class=\"course_title\">Video Analytics</span> <span class=\"course_hours\">(3 semester credit hours)</span> In-depth analysis of t', 'Video Analytics', '(3 semester credit hours)', 'In-depth analysis of topics such as: video features for (human) activity and event detection; large-scale video event classification algorithms; objects-in-video counting approaches; multi-camera video handling; compressed video event detection and analyz', '<a href=\"https://catalog.utdallas.edu/2019/graduate/courses/cs5343\">CS 5343</a>', 'CS 5343', NULL, NULL, '2020-03-08 08:00:00', '2020-03-08 08:00:00'),
('cs6328', '<p id=\"cs6328\"><span class=\"course_course_address\"><a href=\"https://catalog.utdallas.edu/2019/graduate/courses/cs6328\">CS 6328</a></span> <span class=\"course_title\">Modeling and Simulation</span> <span class=\"course_hours\">(3 semester credit hours)</span>', '<span class=\"course_course_address\"><a href=\"https://catalog.utdallas.edu/2019/graduate/courses/cs6328\">CS 6328</a></span> <span class=\"course_title\">Modeling and Simulation</span> <span class=\"course_hours\">(3 semester credit hours)</span> Theory and pra', 'Modeling and Simulation', '(3 semester credit hours)', 'Theory and practice of modeling, including models for concepts, knowledge, geometry, and dynamics. A variety of model types are covered along with their algebraic and diagrammatic representations. Creative media design and representation of models is stre', '<a href=\"https://catalog.utdallas.edu/2019/graduate/courses/cs5343\">CS 5343</a>', 'CS 5343', NULL, NULL, '2020-03-08 08:00:00', '2020-03-08 08:00:00'),
('cs6331', '<p id=\"cs6331\"><span class=\"course_course_address\"><a href=\"https://catalog.utdallas.edu/2019/graduate/courses/cs6331\">CS 6331</a></span> <span class=\"course_title\">Multimedia Systems</span> <span class=\"course_hours\">(3 semester credit hours)</span> Anal', '<span class=\"course_course_address\"><a href=\"https://catalog.utdallas.edu/2019/graduate/courses/cs6331\">CS 6331</a></span> <span class=\"course_title\">Multimedia Systems</span> <span class=\"course_hours\">(3 semester credit hours)</span> Analyzing and under', 'Multimedia Systems', '(3 semester credit hours)', 'Analyzing and understanding how different media data (such as text, audio, images, video, and 3D graphics) can be stored, queried, delivered, and consumed. These aspects will be discussed from the point of view of the operating system, databases, and netw', '<a href=\"https://catalog.utdallas.edu/2019/graduate/courses/cs5343\">CS 5343</a>', 'CS 5343', NULL, NULL, '2020-03-08 08:00:00', '2020-03-08 08:00:00'),
('cs6332', '<p id=\"cs6332\"><span class=\"course_course_address\"><a href=\"https://catalog.utdallas.edu/2019/graduate/courses/cs6332\">CS 6332</a></span> <span class=\"course_title\">Systems Security and Malicious Code Analysis</span> <span class=\"course_hours\">(3 semester', '<span class=\"course_course_address\"><a href=\"https://catalog.utdallas.edu/2019/graduate/courses/cs6332\">CS 6332</a></span> <span class=\"course_title\">Systems Security and Malicious Code Analysis</span> <span class=\"course_hours\">(3 semester credit hours)<', 'Systems Security and Malicious Code Analysis', '(3 semester credit hours)', 'Concepts, techniques, and tools to capture the structure, format, and representation of binary code, and transform them for higher level analysis. Use of static analysis including data-flow analysis, point-to analysis, and shape analysis to reason about t', '<a href=\"https://catalog.utdallas.edu/2019/graduate/courses/cs5343\">CS 5343</a>', 'CS 5343', '<a href=\"https://catalog.utdallas.edu/2019/graduate/courses/cs5348\">CS 5348</a>', 'CS 5348', '2020-03-08 08:00:00', '2020-03-08 08:00:00'),
('cs6333', '<p id=\"cs6333\"><span class=\"course_course_address\"><a href=\"https://catalog.utdallas.edu/2019/graduate/courses/cs6333\">CS 6333</a></span> <span class=\"course_title\">Algorithms in Computational Biology</span> <span class=\"course_hours\">(3 semester credit h', '<span class=\"course_course_address\"><a href=\"https://catalog.utdallas.edu/2019/graduate/courses/cs6333\">CS 6333</a></span> <span class=\"course_title\">Algorithms in Computational Biology</span> <span class=\"course_hours\">(3 semester credit hours)</span> Th', 'Algorithms in Computational Biology', '(3 semester credit hours)', 'The principles of algorithm design for biological datasets, and analysis of influential problems and techniques. Biological sequence analysis, gene finding, RNA folding, protein folding, sequence alignment, genome assembly, comparative genomics, phylogene', '<a href=\"https://catalog.utdallas.edu/2019/graduate/courses/cs6325\">CS 6325</a>', 'CS 6325', NULL, NULL, '2020-03-08 08:00:00', '2020-03-08 08:00:00'),
('cs6334', '<p id=\"cs6334\"><span class=\"course_course_address\"><a href=\"https://catalog.utdallas.edu/2019/graduate/courses/cs6334\">CS 6334</a></span> <span class=\"course_title\">Virtual Reality</span> <span class=\"course_hours\">(3 semester credit hours)</span> Theory ', '<span class=\"course_course_address\"><a href=\"https://catalog.utdallas.edu/2019/graduate/courses/cs6334\">CS 6334</a></span> <span class=\"course_title\">Virtual Reality</span> <span class=\"course_hours\">(3 semester credit hours)</span> Theory and practice of', 'Virtual Reality', '(3 semester credit hours)', 'Theory and practice of virtual reality (VR). Provides in-depth overview of VR, including input devices, output devices, 3D navigation techniques, 3D selection and manipulation techniques, system control techniques, interaction fidelity, scenario fidelity,', '<a href=\"https://catalog.utdallas.edu/2019/graduate/courses/cs5343\">CS 5343</a>', 'CS 5343', NULL, NULL, '2020-03-08 08:00:00', '2020-03-08 08:00:00'),
('cs6340', '<p id=\"cs6340\"><span class=\"course_course_address\"><a href=\"https://catalog.utdallas.edu/2019/graduate/courses/cs6340\">CS 6340</a></span> <span class=\"course_title\">Wireless Networks</span> <span class=\"course_hours\">(3 semester credit hours)</span> Funda', '<span class=\"course_course_address\"><a href=\"https://catalog.utdallas.edu/2019/graduate/courses/cs6340\">CS 6340</a></span> <span class=\"course_title\">Wireless Networks</span> <span class=\"course_hours\">(3 semester credit hours)</span> Fundamental techniqu', 'Wireless Networks', '(3 semester credit hours)', 'Fundamental techniques in design and operation of the 2G 4G wireless cellular networks and wireless LANs, including the control and the data planes. Introduction to future technologies, such as 5G and IoT. The course is a mix of qualitative and quantitati', '<a href=\"https://catalog.utdallas.edu/2019/graduate/courses/cs5390\">CS 5390</a>', 'CS 5390', '<a href=\"https://catalog.utdallas.edu/2019/undergraduate/courses/cs3341\">CS 3341</a>', 'CS 3341', '2020-03-08 08:00:00', '2020-03-08 08:00:00'),
('cs6343', '<p id=\"cs6343\"><span class=\"course_course_address\"><a href=\"https://catalog.utdallas.edu/2019/graduate/courses/cs6343\">CS 6343</a></span> <span class=\"course_title\">Cloud Computing</span> <span class=\"course_hours\">(3 semester credit hours)</span> Differe', '<span class=\"course_course_address\"><a href=\"https://catalog.utdallas.edu/2019/graduate/courses/cs6343\">CS 6343</a></span> <span class=\"course_title\">Cloud Computing</span> <span class=\"course_hours\">(3 semester credit hours)</span> Different layers of cl', 'Cloud Computing', '(3 semester credit hours)', 'Different layers of cloud computing, infrastructure as a service (IaaS), platform as a service (PaaS), and software as a service (SaaS). Data centers. Resource management, power management, and health monitoring in IaaS cloud. Hadoop MapReduce for big dat', '<a href=\"https://catalog.utdallas.edu/2019/graduate/courses/cs5343\">CS 5343</a>', 'CS 5343', '<a href=\"https://catalog.utdallas.edu/2019/graduate/courses/cs5348\">CS 5348</a>', 'CS 5348', '2020-03-08 08:00:00', '2020-03-08 08:00:00'),
('cs6344', '<p id=\"cs6344\"><span class=\"course_course_address\"><a href=\"https://catalog.utdallas.edu/2019/graduate/courses/cs6344\">CS 6344</a></span> <span class=\"course_title\">Data Representation</span> <span class=\"course_hours\">(3 semester credit hours)</span> Use', '<span class=\"course_course_address\"><a href=\"https://catalog.utdallas.edu/2019/graduate/courses/cs6344\">CS 6344</a></span> <span class=\"course_title\">Data Representation</span> <span class=\"course_hours\">(3 semester credit hours)</span> Useful representat', 'Data Representation', '(3 semester credit hours)', 'Useful representations of data for efficient manipulation and visualization. These include, among others Dimensionality Reduction, Clustering, Euclidean Embedding, Graph Embedding, and Discriminant Functions. Techniques covered include principal component', '<a href=\"https://catalog.utdallas.edu/2019/graduate/courses/cs5343\">CS 5343</a>', 'CS 5343', NULL, NULL, '2020-03-08 08:00:00', '2020-03-08 08:00:00'),
('cs6347', '<p id=\"cs6347\"><span class=\"course_course_address\"><a href=\"https://catalog.utdallas.edu/2019/graduate/courses/cs6347\">CS 6347</a></span> <span class=\"course_title\">Statistical Methods in AI and Machine Learning</span> <span class=\"course_hours\">(3 semest', '<span class=\"course_course_address\"><a href=\"https://catalog.utdallas.edu/2019/graduate/courses/cs6347\">CS 6347</a></span> <span class=\"course_title\">Statistical Methods in AI and Machine Learning</span> <span class=\"course_hours\">(3 semester credit hours', 'Statistical Methods in AI and Machine Learning', '(3 semester credit hours)', 'Introduction to the probabilistic and statistical techniques used in modern computer systems. Probabilistic graphical models such as Bayesian and Markov networks. Probabilistic inference techniques including variable elimination, belief propagation and it', '<a href=\"https://catalog.utdallas.edu/2019/undergraduate/courses/cs3341\">CS 3341</a>', 'CS 3341', '<a href=\"https://catalog.utdallas.edu/2019/graduate/courses/cs5343\">CS 5343</a>', 'CS 5343', '2020-03-08 08:00:00', '2020-03-08 08:00:00'),
('cs6348', '<p id=\"cs6348\"><span class=\"course_course_address\"><a href=\"https://catalog.utdallas.edu/2019/graduate/courses/cs6348\">CS 6348</a></span> <span class=\"course_title\">Data and Applications Security</span> <span class=\"course_hours\">(3 semester credit hours)', '<span class=\"course_course_address\"><a href=\"https://catalog.utdallas.edu/2019/graduate/courses/cs6348\">CS 6348</a></span> <span class=\"course_title\">Data and Applications Security</span> <span class=\"course_hours\">(3 semester credit hours)</span> The cou', 'Data and Applications Security', '(3 semester credit hours)', 'The course will teach principles, technologies, tools and trends for data, and applications security and privacy. Topics to be covered include: confidentiality, privacy and trust management; advanced access control policy management; secure databases; sec', '<a href=\"https://catalog.utdallas.edu/2019/graduate/courses/cs5343\">CS 5343</a>', 'CS 5343', NULL, NULL, '2020-03-08 08:00:00', '2020-03-08 08:00:00'),
('cs6349', '<p id=\"cs6349\"><span class=\"course_course_address\"><a href=\"https://catalog.utdallas.edu/2019/graduate/courses/cs6349\">CS 6349</a></span> <span class=\"course_title\">Network Security</span> <span class=\"course_hours\">(3 semester credit hours)</span> This c', '<span class=\"course_course_address\"><a href=\"https://catalog.utdallas.edu/2019/graduate/courses/cs6349\">CS 6349</a></span> <span class=\"course_title\">Network Security</span> <span class=\"course_hours\">(3 semester credit hours)</span> This course covers th', 'Network Security', '(3 semester credit hours)', 'This course covers theoretical and practical aspects of network security. The topics include use of cryptography for building secure communication protocols and authentication systems; security handshake pitfalls, Kerberos and PKI, security of TCP/IP prot', '<a href=\"https://catalog.utdallas.edu/2019/graduate/courses/cs5390\">CS 5390</a>', 'CS 5390', NULL, NULL, '2020-03-08 08:00:00', '2020-03-08 08:00:00'),
('cs6350', '<p id=\"cs6350\"><span class=\"course_course_address\"><a href=\"https://catalog.utdallas.edu/2019/graduate/courses/cs6350\">CS 6350</a></span> <span class=\"course_title\">Big Data Management and Analytics</span> <span class=\"course_hours\">(3 semester credit hou', '<span class=\"course_course_address\"><a href=\"https://catalog.utdallas.edu/2019/graduate/courses/cs6350\">CS 6350</a></span> <span class=\"course_title\">Big Data Management and Analytics</span> <span class=\"course_hours\">(3 semester credit hours)</span> This', 'Big Data Management and Analytics', '(3 semester credit hours)', 'This course focuses on scalable data management and mining algorithms for analyzing very large amounts of data (i.e., Big Data). Included topics are: Mapreduce, NoSQL systems (e.g., key-value stores, column-oriented data stores, stream processing systems)', '<a href=\"https://catalog.utdallas.edu/2019/graduate/courses/cs6360\">CS 6360</a>', 'CS 6360', NULL, NULL, '2020-03-08 08:00:00', '2020-03-08 08:00:00'),
('cs6352', '<p id=\"cs6352\"><span class=\"course_course_address\"><a href=\"https://catalog.utdallas.edu/2019/graduate/courses/cs6352\">CS 6352</a></span> <span class=\"course_title\">Performance of Computer Systems and Networks</span> <span class=\"course_hours\">(3 semester', '<span class=\"course_course_address\"><a href=\"https://catalog.utdallas.edu/2019/graduate/courses/cs6352\">CS 6352</a></span> <span class=\"course_title\">Performance of Computer Systems and Networks</span> <span class=\"course_hours\">(3 semester credit hours)<', 'Performance of Computer Systems and Networks', '(3 semester credit hours)', 'Overview of case studies. Quick review of principles of probability theory. Queuing models and physical origin of random variables used in queuing models. Various important cases of the M/M/m/N queuing system. Little\'s law. The M/G/1 queuing system. Simul', NULL, NULL, NULL, NULL, '2020-03-08 08:00:00', '2020-03-08 08:00:00'),
('cs6353', '<p id=\"cs6353\"><span class=\"course_course_address\"><a href=\"https://catalog.utdallas.edu/2019/graduate/courses/cs6353\">CS 6353</a></span> <span class=\"course_title\">Compiler Construction</span> <span class=\"course_hours\">(3 semester credit hours)</span> L', '<span class=\"course_course_address\"><a href=\"https://catalog.utdallas.edu/2019/graduate/courses/cs6353\">CS 6353</a></span> <span class=\"course_title\">Compiler Construction</span> <span class=\"course_hours\">(3 semester credit hours)</span> Lexical analyzer', 'Compiler Construction', '(3 semester credit hours)', 'Lexical analyzers, context-free grammars. Top-down and bottom-up parsing; shift reduce and LR parsing. Operator-precedence, recursive-descent, predictive, and LL parsing. LR(k), LL(k) and precedence grammars will be covered. Prerequisites:', '<a href=\"https://catalog.utdallas.edu/2019/graduate/courses/cs5343\">CS 5343</a>', 'CS 5343', '<a href=\"https://catalog.utdallas.edu/2019/graduate/courses/cs5349\">CS 5349</a>', 'CS 5349', '2020-03-08 08:00:00', '2020-03-08 08:00:00'),
('cs6356', '<p id=\"cs6356\"><span class=\"course_course_address\"><a href=\"https://catalog.utdallas.edu/2019/graduate/courses/cs6356\">CS 6356</a></span> <span class=\"course_tccns\">(<a href=\"https://catalog.utdallas.edu/2019/graduate/courses/se6356\">SE 6356</a> and <a hr', '<span class=\"course_course_address\"><a href=\"https://catalog.utdallas.edu/2019/graduate/courses/cs6356\">CS 6356</a></span> <span class=\"course_tccns\">(<a href=\"https://catalog.utdallas.edu/2019/graduate/courses/se6356\">SE 6356</a> and <a href=\"https://cat', '(SE 6356 and SYSM 6308)', 'Software Maintenance, Evolution, and Re-Engineering', 'Principles and techniques of software maintenance. Impact of software development process on software justifiability, maintainability, evolvability, and planning of release cycles. Use of very high-level languages and dependencies for forward engineering ', NULL, NULL, NULL, NULL, '2020-03-08 08:00:00', '2020-03-08 08:00:00'),
('cs6359', '<p id=\"cs6359\"><span class=\"course_course_address\"><a href=\"https://catalog.utdallas.edu/2019/graduate/courses/cs6359\">CS 6359</a></span> <span class=\"course_title\">Object-Oriented Analysis and Design</span> <span class=\"course_hours\">(3 semester credit h', '<span class=\"course_course_address\"><a href=\"https://catalog.utdallas.edu/2019/graduate/courses/cs6359\">CS 6359</a></span> <span class=\"course_title\">Object-Oriented Analysis and Design</span> <span class=\"course_hours\">(3 semester credit hours)</span> An', 'Object-Oriented Analysis and Design', '(3 semester credit hours)', 'Analysis and practice of modern tools and concepts that can help produce software that is tolerant of change. Consideration of the primary tools of encapsulation and inheritance. Construction of software-ICs which show the parallel with hardware construct', '<a href=\"https://catalog.utdallas.edu/2019/graduate/courses/cs5343\">CS 5343</a>', 'CS 5343', NULL, NULL, '2020-03-08 08:00:00', '2020-03-08 08:00:00'),
('cs6360', '<p id=\"cs6360\"><span class=\"course_course_address\"><a href=\"https://catalog.utdallas.edu/2019/graduate/courses/cs6360\">CS 6360</a></span> <span class=\"course_title\">Database Design</span> <span class=\"course_hours\">(3 semester credit hours)</span> Methods', '<span class=\"course_course_address\"><a href=\"https://catalog.utdallas.edu/2019/graduate/courses/cs6360\">CS 6360</a></span> <span class=\"course_title\">Database Design</span> <span class=\"course_hours\">(3 semester credit hours)</span> Methods, principles, a', 'Database Design', '(3 semester credit hours)', 'Methods, principles, and concepts that are relevant to the practice of database software design. Database system architecture; conceptual database models; relational and object-oriented databases; database system implementation; query processing and optim', '<a href=\"https://catalog.utdallas.edu/2019/graduate/courses/cs5343\">CS 5343</a>', 'CS 5343', NULL, NULL, '2020-03-08 08:00:00', '2020-03-08 08:00:00'),
('cs6361', '<p id=\"cs6361\"><span class=\"course_course_address\"><a href=\"https://catalog.utdallas.edu/2019/graduate/courses/cs6361\">CS 6361</a></span> <span class=\"course_tccns\">(<a href=\"https://catalog.utdallas.edu/2019/graduate/courses/se6361\">SE 6361</a> and <a hr', '<span class=\"course_course_address\"><a href=\"https://catalog.utdallas.edu/2019/graduate/courses/cs6361\">CS 6361</a></span> <span class=\"course_tccns\">(<a href=\"https://catalog.utdallas.edu/2019/graduate/courses/se6361\">SE 6361</a> and <a href=\"https://cat', '(SE 6361 and SYSM 6309)', 'Advanced Requirements Engineering', 'System and software requirements engineering. Identification, elicitation, modeling, analysis, specification, management, and evolution of functional and non-functional requirements. Strengths and weaknesses of different techniques, tools, and object-orie', NULL, NULL, NULL, NULL, '2020-03-08 08:00:00', '2020-03-08 08:00:00'),
('cs6363', '<p id=\"cs6363\"><span class=\"course_course_address\"><a href=\"https://catalog.utdallas.edu/2019/graduate/courses/cs6363\">CS 6363</a></span> <span class=\"course_title\">Design and Analysis of Computer Algorithms</span> <span class=\"course_hours\">(3 semester c', '<span class=\"course_course_address\"><a href=\"https://catalog.utdallas.edu/2019/graduate/courses/cs6363\">CS 6363</a></span> <span class=\"course_title\">Design and Analysis of Computer Algorithms</span> <span class=\"course_hours\">(3 semester credit hours)</s', 'Design and Analysis of Computer Algorithms', '(3 semester credit hours)', 'The study of efficient algorithms for various computational problems. Algorithm design techniques. Sorting, manipulation of data structures, graphs, matrix multiplication, and pattern matching. Complexity of algorithms, lower bounds, NP completeness. Prer', '<a href=\"https://catalog.utdallas.edu/2019/graduate/courses/cs5333\">CS 5333</a>', 'CS 5333', '<a href=\"https://catalog.utdallas.edu/2019/graduate/courses/cs5343\">CS 5343</a>', 'CS 5343', '2020-03-08 08:00:00', '2020-03-08 08:00:00'),
('cs6364', '<p id=\"cs6364\"><span class=\"course_course_address\"><a href=\"https://catalog.utdallas.edu/2019/graduate/courses/cs6364\">CS 6364</a></span> <span class=\"course_title\">Artificial Intelligence</span> <span class=\"course_hours\">(3 semester credit hours)</span>', '<span class=\"course_course_address\"><a href=\"https://catalog.utdallas.edu/2019/graduate/courses/cs6364\">CS 6364</a></span> <span class=\"course_title\">Artificial Intelligence</span> <span class=\"course_hours\">(3 semester credit hours)</span> Design of mach', 'Artificial Intelligence', '(3 semester credit hours)', 'Design of machines that exhibit intelligence. Particular topics include: representation of knowledge, vision, natural language processing, search, logic and deduction, expert systems, planning, language comprehension, and machine learning. Prerequisite:', '<a href=\"https://catalog.utdallas.edu/2019/graduate/courses/cs5343\">CS 5343</a>', 'CS 5343', NULL, NULL, '2020-03-08 08:00:00', '2020-03-08 08:00:00'),
('cs6365', '<p id=\"cs6365\"><span class=\"course_course_address\"><a href=\"https://catalog.utdallas.edu/2019/graduate/courses/cs6365\">CS 6365</a></span> <span class=\"course_title\">Data and Text Mining for Computational Biology</span> <span class=\"course_hours\">(3 semest', '<span class=\"course_course_address\"><a href=\"https://catalog.utdallas.edu/2019/graduate/courses/cs6365\">CS 6365</a></span> <span class=\"course_title\">Data and Text Mining for Computational Biology</span> <span class=\"course_hours\">(3 semester credit hours', 'Data and Text Mining for Computational Biology', '(3 semester credit hours)', 'The course introduces data and text mining as practiced currently in the bioinformatics field. Major topics include: sequence alignment for determining similarity between proteins and genes; properties of similarities and distances; genomic, proteomic, an', '<a href=\"https://catalog.utdallas.edu/2019/graduate/courses/cs6325\">CS 6325</a>', 'CS 6325', NULL, NULL, '2020-03-08 08:00:00', '2020-03-08 08:00:00');
INSERT INTO `course1` (`course_id`, `course_number`, `course_address`, `course_title`, `course_hours`, `course_description`, `course_prerequisite_link`, `course_prerequisite`, `course_corequisite_link`, `course_corequisite`, `course_TimeCreated`, `course_TimeUpdated`) VALUES
('cs6366', '<p id=\"cs6366\"><span class=\"course_course_address\"><a href=\"https://catalog.utdallas.edu/2019/graduate/courses/cs6366\">CS 6366</a></span> <span class=\"course_title\">Computer Graphics</span> <span class=\"course_hours\">(3 semester credit hours)</span> Devic', '<span class=\"course_course_address\"><a href=\"https://catalog.utdallas.edu/2019/graduate/courses/cs6366\">CS 6366</a></span> <span class=\"course_title\">Computer Graphics</span> <span class=\"course_hours\">(3 semester credit hours)</span> Device and logical c', 'Computer Graphics', '(3 semester credit hours)', 'Device and logical coordinate systems. Geometric transformations in two and three dimensions. Algorithms for basic 2-D drawing primitives, such as Brensenham\'s algorithm for lines and circles, Bezier and B-Spline functions for curves, and line and polygon', '<a href=\"https://catalog.utdallas.edu/2019/graduate/courses/cs5330\">CS 5330</a>', 'CS 5330', '<a href=\"https://catalog.utdallas.edu/2019/graduate/courses/cs5343\">CS 5343</a>', 'CS 5343', '2020-03-08 08:00:00', '2020-03-08 08:00:00'),
('cs6367', '<p id=\"cs6367\"><span class=\"course_course_address\"><a href=\"https://catalog.utdallas.edu/2019/graduate/courses/cs6367\">CS 6367</a></span> <span class=\"course_tccns\">(<a href=\"https://catalog.utdallas.edu/2019/graduate/courses/se6367\">SE 6367</a> and <a hr', '<span class=\"course_course_address\"><a href=\"https://catalog.utdallas.edu/2019/graduate/courses/cs6367\">CS 6367</a></span> <span class=\"course_tccns\">(<a href=\"https://catalog.utdallas.edu/2019/graduate/courses/se6367\">SE 6367</a> and <a href=\"https://cat', '(SE 6367 and SYSM 6310)', 'Software Testing, Validation and Verification', 'Fundamental concepts of software testing. Functional testing. GUI based testing tools. Control flow based test adequacy criteria. Data flow based test adequacy criteria. White box based testing tools. Mutation testing and testing tools. Relationship betwe', NULL, NULL, NULL, NULL, '2020-03-08 08:00:00', '2020-03-08 08:00:00'),
('cs6368', '<p id=\"cs6368\"><span class=\"course_course_address\"><a href=\"https://catalog.utdallas.edu/2019/graduate/courses/cs6368\">CS 6368</a></span> <span class=\"course_title\">Telecommunication Network Management</span> <span class=\"course_hours\">(3 semester credit ', '<span class=\"course_course_address\"><a href=\"https://catalog.utdallas.edu/2019/graduate/courses/cs6368\">CS 6368</a></span> <span class=\"course_title\">Telecommunication Network Management</span> <span class=\"course_hours\">(3 semester credit hours)</span> I', 'Telecommunication Network Management', '(3 semester credit hours)', 'In-depth study of network management issues and standards in telecommunication networks. OSI management protocols including CMIP, CMISE, SNMP, and MIB. ITU\'s TMN (Telecommunication Management Network) standards, TMN functional architecture and information', '<a href=\"https://catalog.utdallas.edu/2019/graduate/courses/cs5390\">CS 5390</a>', 'CS 5390', NULL, NULL, '2020-03-08 08:00:00', '2020-03-08 08:00:00'),
('cs6369', '<p id=\"cs6369\"><span class=\"course_course_address\"><a href=\"https://catalog.utdallas.edu/2019/graduate/courses/cs6369\">CS 6369</a></span> <span class=\"course_title\">Complexity of Combinatorial Algorithms</span> <span class=\"course_hours\">(3 semester credi', '<span class=\"course_course_address\"><a href=\"https://catalog.utdallas.edu/2019/graduate/courses/cs6369\">CS 6369</a></span> <span class=\"course_title\">Complexity of Combinatorial Algorithms</span> <span class=\"course_hours\">(3 semester credit hours)</span>', 'Complexity of Combinatorial Algorithms', '(3 semester credit hours)', 'Topics include bounded reducibility and completeness, approximation algorithms and heuristics for NP-hard problems, randomized algorithms, and additional complexity classes. Prerequisite:', '<a href=\"https://catalog.utdallas.edu/2019/graduate/courses/cs6363\">CS 6363</a>', 'CS 6363', NULL, NULL, '2020-03-08 08:00:00', '2020-03-08 08:00:00'),
('cs6371', '<p id=\"cs6371\"><span class=\"course_course_address\"><a href=\"https://catalog.utdallas.edu/2019/graduate/courses/cs6371\">CS 6371</a></span> <span class=\"course_title\">Advanced Programming Languages</span> <span class=\"course_hours\">(3 semester credit hours)', '<span class=\"course_course_address\"><a href=\"https://catalog.utdallas.edu/2019/graduate/courses/cs6371\">CS 6371</a></span> <span class=\"course_title\">Advanced Programming Languages</span> <span class=\"course_hours\">(3 semester credit hours)</span> Functio', 'Advanced Programming Languages', '(3 semester credit hours)', 'Functional programming, Lambda calculus, logic programming, abstract syntax, denotational semantics of imperative languages, fixpoints semantics, verification of programs, partial evaluation, interpretation and automatic compilation, axiomatic semantics, ', '<a href=\"https://catalog.utdallas.edu/2019/graduate/courses/cs5343\">CS 5343</a>', 'CS 5343', '<a href=\"https://catalog.utdallas.edu/2019/graduate/courses/cs5349\">CS 5349</a>', 'CS 5349', '2020-03-08 08:00:00', '2020-03-08 08:00:00'),
('cs6373', '<p id=\"cs6373\"><span class=\"course_course_address\"><a href=\"https://catalog.utdallas.edu/2019/graduate/courses/cs6373\">CS 6373</a></span> <span class=\"course_title\">Intelligent Systems</span> <span class=\"course_hours\">(3 semester credit hours)</span> Log', '<span class=\"course_course_address\"><a href=\"https://catalog.utdallas.edu/2019/graduate/courses/cs6373\">CS 6373</a></span> <span class=\"course_title\">Intelligent Systems</span> <span class=\"course_hours\">(3 semester credit hours)</span> Logical formalizat', 'Intelligent Systems', '(3 semester credit hours)', 'Logical formalizations of knowledge for the purpose of implementing intelligent systems that can reason in a way that mimics human reasoning. Topics include: syntax and semantics of common logic, description logic, modal epistemic logic; reasoning about u', '<a href=\"https://catalog.utdallas.edu/2019/graduate/courses/cs5343\">CS 5343</a>', 'CS 5343', NULL, NULL, '2020-03-08 08:00:00', '2020-03-08 08:00:00'),
('cs6374', '<p id=\"cs6374\"><span class=\"course_course_address\"><a href=\"https://catalog.utdallas.edu/2019/graduate/courses/cs6374\">CS 6374</a></span> <span class=\"course_title\">Computational Logic</span> <span class=\"course_hours\">(3 semester credit hours)</span> Met', '<span class=\"course_course_address\"><a href=\"https://catalog.utdallas.edu/2019/graduate/courses/cs6374\">CS 6374</a></span> <span class=\"course_title\">Computational Logic</span> <span class=\"course_hours\">(3 semester credit hours)</span> Methods and algori', 'Computational Logic', '(3 semester credit hours)', 'Methods and algorithms for the solution of logic problems. Topics include problem formulation in first order logic and extensions, theorem proving algorithms, polynomially solvable cases, logic programming, and applications. Prerequisites:', '<a href=\"https://catalog.utdallas.edu/2019/graduate/courses/cs5343\">CS 5343</a>', 'CS 5343', NULL, NULL, '2020-03-08 08:00:00', '2020-03-08 08:00:00'),
('cs6375', '<p id=\"cs6375\"><span class=\"course_course_address\"><a href=\"https://catalog.utdallas.edu/2019/graduate/courses/cs6375\">CS 6375</a></span> <span class=\"course_title\">Machine Learning</span> <span class=\"course_hours\">(3 semester credit hours)</span> Algori', '<span class=\"course_course_address\"><a href=\"https://catalog.utdallas.edu/2019/graduate/courses/cs6375\">CS 6375</a></span> <span class=\"course_title\">Machine Learning</span> <span class=\"course_hours\">(3 semester credit hours)</span> Algorithms for traini', 'Machine Learning', '(3 semester credit hours)', 'Algorithms for training perceptions and multi-layer neural nets: back propagation, Boltzmann machines, and self-organizing nets. The ID3 and the Nearest Neighbor algorithms. Formal models for analyzing learnability: exact identification in the limit and p', '<a href=\"https://catalog.utdallas.edu/2019/graduate/courses/cs5343\">CS 5343</a>', 'CS 5343', NULL, NULL, '2020-03-08 08:00:00', '2020-03-08 08:00:00'),
('cs6376', '<p id=\"cs6376\"><span class=\"course_course_address\"><a href=\"https://catalog.utdallas.edu/2019/graduate/courses/cs6376\">CS 6376</a></span> <span class=\"course_title\">Parallel Processing</span> <span class=\"course_hours\">(3 semester credit hours)</span> Top', '<span class=\"course_course_address\"><a href=\"https://catalog.utdallas.edu/2019/graduate/courses/cs6376\">CS 6376</a></span> <span class=\"course_title\">Parallel Processing</span> <span class=\"course_hours\">(3 semester credit hours)</span> Topics include par', 'Parallel Processing', '(3 semester credit hours)', 'Topics include parallel processing, parallel machine models, parallel algorithms for sorting, searching and matrix operations. Parallel graph algorithms. Prerequisite:', '<a href=\"https://catalog.utdallas.edu/2019/graduate/courses/cs5343\">CS 5343</a>', 'CS 5343', NULL, NULL, '2020-03-08 08:00:00', '2020-03-08 08:00:00'),
('cs6377', '<p id=\"cs6377\"><span class=\"course_course_address\"><a href=\"https://catalog.utdallas.edu/2019/graduate/courses/cs6377\">CS 6377</a></span> <span class=\"course_title\">Introduction to Cryptography</span> <span class=\"course_hours\">(3 semester credit hours)</', '<span class=\"course_course_address\"><a href=\"https://catalog.utdallas.edu/2019/graduate/courses/cs6377\">CS 6377</a></span> <span class=\"course_title\">Introduction to Cryptography</span> <span class=\"course_hours\">(3 semester credit hours)</span> This cour', 'Introduction to Cryptography', '(3 semester credit hours)', 'This course covers the basic aspects of modern cryptography, including block ciphers, pseudorandom functions, symmetric encryption, Hash functions, message authentication, number-theoretic primitives, public-key encryption, digital signatures and zero kno', '<a href=\"https://catalog.utdallas.edu/2019/graduate/courses/cs5333\">CS 5333</a>', 'CS 5333', '<a href=\"https://catalog.utdallas.edu/2019/graduate/courses/cs5343\">CS 5343</a>', 'CS 5343', '2020-03-08 08:00:00', '2020-03-08 08:00:00'),
('cs6378', '<p id=\"cs6378\"><span class=\"course_course_address\"><a href=\"https://catalog.utdallas.edu/2019/graduate/courses/cs6378\">CS 6378</a></span> <span class=\"course_title\">Advanced Operating Systems</span> <span class=\"course_hours\">(3 semester credit hours)</sp', '<span class=\"course_course_address\"><a href=\"https://catalog.utdallas.edu/2019/graduate/courses/cs6378\">CS 6378</a></span> <span class=\"course_title\">Advanced Operating Systems</span> <span class=\"course_hours\">(3 semester credit hours)</span> Concurrent ', 'Advanced Operating Systems', '(3 semester credit hours)', 'Concurrent processing, inter-process communication, process synchronization, deadlocks, introduction to queuing theory and operational analysis, topics in distributed systems and algorithms, checkpointing, recovery, multiprocessor operating systems. Must ', '<a href=\"https://catalog.utdallas.edu/2019/graduate/courses/cs5343\">CS 5343</a>', 'CS 5343', '<a href=\"https://catalog.utdallas.edu/2019/graduate/courses/cs5348\">CS 5348</a>', 'CS 5348', '2020-03-08 08:00:00', '2020-03-08 08:00:00'),
('cs6379', '<p id=\"cs6379\"><span class=\"course_course_address\"><a href=\"https://catalog.utdallas.edu/2019/graduate/courses/cs6379\">CS 6379</a></span> <span class=\"course_title\">Biological Database Systems and Data Mining</span> <span class=\"course_hours\">(3 semester ', '<span class=\"course_course_address\"><a href=\"https://catalog.utdallas.edu/2019/graduate/courses/cs6379\">CS 6379</a></span> <span class=\"course_title\">Biological Database Systems and Data Mining</span> <span class=\"course_hours\">(3 semester credit hours)</', 'Biological Database Systems and Data Mining', '(3 semester credit hours)', 'Relational data models and database management systems; theories and techniques of constructing relational databases to store biological data, including sequences, structures, genetic linkages and maps, and signal pathways. Introduction to a relational da', '<a href=\"https://catalog.utdallas.edu/2019/graduate/courses/biol6373\">BIOL 6373</a>', 'BIOL 6373', '<a href=\"https://catalog.utdallas.edu/2019/graduate/courses/bmen6391\">BMEN 6391</a>', 'BMEN 6391', '2020-03-08 08:00:00', '2020-03-08 08:00:00'),
('cs6380', '<p id=\"cs6380\"><span class=\"course_course_address\"><a href=\"https://catalog.utdallas.edu/2019/graduate/courses/cs6380\">CS 6380</a></span> <span class=\"course_title\">Distributed Computing</span> <span class=\"course_hours\">(3 semester credit hours)</span> T', '<span class=\"course_course_address\"><a href=\"https://catalog.utdallas.edu/2019/graduate/courses/cs6380\">CS 6380</a></span> <span class=\"course_title\">Distributed Computing</span> <span class=\"course_hours\">(3 semester credit hours)</span> Topics include d', 'Distributed Computing', '(3 semester credit hours)', 'Topics include distributed algorithms, election algorithms, synchronizers, mutual exclusion, resource allocation, deadlocks, Byzantine agreement and clock synchronization, knowledge and common knowledge, reliability in distributed networks, and proving di', '<a href=\"https://catalog.utdallas.edu/2019/graduate/courses/cs5348\">CS 5348</a>', 'CS 5348', NULL, NULL, '2020-03-08 08:00:00', '2020-03-08 08:00:00'),
('cs6381', '<p id=\"cs6381\"><span class=\"course_course_address\"><a href=\"https://catalog.utdallas.edu/2019/graduate/courses/cs6381\">CS 6381</a></span> <span class=\"course_title\">Combinatorics and Graph Algorithms</span> <span class=\"course_hours\">(3 semester credit ho', '<span class=\"course_course_address\"><a href=\"https://catalog.utdallas.edu/2019/graduate/courses/cs6381\">CS 6381</a></span> <span class=\"course_title\">Combinatorics and Graph Algorithms</span> <span class=\"course_hours\">(3 semester credit hours)</span> Fun', 'Combinatorics and Graph Algorithms', '(3 semester credit hours)', 'Fundamentals of combinatorics and graph theory. Combinatorial optimization, optimization algorithms for graphs (max flow, shortest routes, Euler tour, Hamiltonian tour). Prerequisites:', '<a href=\"https://catalog.utdallas.edu/2019/graduate/courses/cs5343\">CS 5343</a>', 'CS 5343', '<a href=\"https://catalog.utdallas.edu/2019/graduate/courses/cs6363\">CS 6363</a>', 'CS 6363', '2020-03-08 08:00:00', '2020-03-08 08:00:00'),
('cs6382', '<p id=\"cs6382\"><span class=\"course_course_address\"><a href=\"https://catalog.utdallas.edu/2019/graduate/courses/cs6382\">CS 6382</a></span> <span class=\"course_title\">Theory of Computation</span> <span class=\"course_hours\">(3 semester credit hours)</span> F', '<span class=\"course_course_address\"><a href=\"https://catalog.utdallas.edu/2019/graduate/courses/cs6382\">CS 6382</a></span> <span class=\"course_title\">Theory of Computation</span> <span class=\"course_hours\">(3 semester credit hours)</span> Formal models of', 'Theory of Computation', '(3 semester credit hours)', 'Formal models of computation. Recursive function theory. Undecidability and incompleteness. Selected topics in theory of computation. Instructor consent required. (3-0) Y', NULL, NULL, NULL, NULL, '2020-03-08 08:00:00', '2020-03-08 08:00:00'),
('cs6383', '<p id=\"cs6383\"><span class=\"course_course_address\"><a href=\"https://catalog.utdallas.edu/2019/graduate/courses/cs6383\">CS 6383</a></span> <span class=\"course_title\">Computational Systems Biology</span> <span class=\"course_hours\">(3 semester credit hours)<', '<span class=\"course_course_address\"><a href=\"https://catalog.utdallas.edu/2019/graduate/courses/cs6383\">CS 6383</a></span> <span class=\"course_title\">Computational Systems Biology</span> <span class=\"course_hours\">(3 semester credit hours)</span> The cour', 'Computational Systems Biology', '(3 semester credit hours)', 'The course will provide a system-level understanding of biological systems by analyzing biological data using computational techniques. The major topics include: computational inference of biological networks (regulatory, protein interactions, and metabol', NULL, NULL, NULL, NULL, '2020-03-08 08:00:00', '2020-03-08 08:00:00'),
('cs6384', '<p id=\"cs6384\"><span class=\"course_course_address\"><a href=\"https://catalog.utdallas.edu/2019/graduate/courses/cs6384\">CS 6384</a></span> <span class=\"course_title\">Computer Vision</span> <span class=\"course_hours\">(3 semester credit hours)</span> Algorit', '<span class=\"course_course_address\"><a href=\"https://catalog.utdallas.edu/2019/graduate/courses/cs6384\">CS 6384</a></span> <span class=\"course_title\">Computer Vision</span> <span class=\"course_hours\">(3 semester credit hours)</span> Algorithms for extract', 'Computer Vision', '(3 semester credit hours)', 'Algorithms for extracting information from digital pictures. Particular topics include: analysis of motion in time varying image sequences, recovering depth from a pair of stereo images, image separation, recovering shape from textured images and shadows,', '<a href=\"https://catalog.utdallas.edu/2019/graduate/courses/cs5343\">CS 5343</a>', 'CS 5343', NULL, NULL, '2020-03-08 08:00:00', '2020-03-08 08:00:00'),
('cs6385', '<p id=\"cs6385\"><span class=\"course_course_address\"><a href=\"https://catalog.utdallas.edu/2019/graduate/courses/cs6385\">CS 6385</a></span> <span class=\"course_tccns\">(<a href=\"https://catalog.utdallas.edu/2019/graduate/courses/te6385\">TE 6385</a>)</span> <', '<span class=\"course_course_address\"><a href=\"https://catalog.utdallas.edu/2019/graduate/courses/cs6385\">CS 6385</a></span> <span class=\"course_tccns\">(<a href=\"https://catalog.utdallas.edu/2019/graduate/courses/te6385\">TE 6385</a>)</span> <span class=\"cou', '(TE 6385)', 'Algorithmic Aspects of Telecommunication Networks', 'This is an advanced course on topics related to the design, analysis, and development of telecommunications systems and networks. The focus is on the efficient algorithmic solutions for key problems in modern telecommunications networks, in centralized an', NULL, NULL, NULL, NULL, '2020-03-08 08:00:00', '2020-03-08 08:00:00'),
('cs6386', '<p id=\"cs6386\"><span class=\"course_course_address\"><a href=\"https://catalog.utdallas.edu/2019/graduate/courses/cs6386\">CS 6386</a></span> <span class=\"course_title\">Telecommunication Software Design</span> <span class=\"course_hours\">(3 semester credit hou', '<span class=\"course_course_address\"><a href=\"https://catalog.utdallas.edu/2019/graduate/courses/cs6386\">CS 6386</a></span> <span class=\"course_title\">Telecommunication Software Design</span> <span class=\"course_hours\">(3 semester credit hours)</span> Prog', 'Telecommunication Software Design', '(3 semester credit hours)', 'Programming with sockets and remote procedure calls, real time programming concepts and strategies. Operating system design for real time systems. Encryption, file compression, and implementation of fire walls. An in-depth study of TCP/IP implementation. ', '<a href=\"https://catalog.utdallas.edu/2019/graduate/courses/cs5390\">CS 5390</a>', 'CS 5390', NULL, NULL, '2020-03-08 08:00:00', '2020-03-08 08:00:00'),
('cs6390', '<p id=\"cs6390\"><span class=\"course_course_address\"><a href=\"https://catalog.utdallas.edu/2019/graduate/courses/cs6390\">CS 6390</a></span> <span class=\"course_title\">Advanced Computer Networks</span> <span class=\"course_hours\">(3 semester credit hours)</sp', '<span class=\"course_course_address\"><a href=\"https://catalog.utdallas.edu/2019/graduate/courses/cs6390\">CS 6390</a></span> <span class=\"course_title\">Advanced Computer Networks</span> <span class=\"course_hours\">(3 semester credit hours)</span> Survey of r', 'Advanced Computer Networks', '(3 semester credit hours)', 'Survey of recent advancements in high-speed network technologies. Application of quantitative approach to the study of broadband integrated networks including admission control, access control, and quality of service guarantee. Prerequisite:', '<a href=\"https://catalog.utdallas.edu/2019/graduate/courses/cs5390\">CS 5390</a>', 'CS 5390', NULL, NULL, '2020-03-08 08:00:00', '2020-03-08 08:00:00'),
('cs6391', '<p id=\"cs6391\"><span class=\"course_course_address\"><a href=\"https://catalog.utdallas.edu/2019/graduate/courses/cs6391\">CS 6391</a></span> <span class=\"course_title\">Optical Networks</span> <span class=\"course_hours\">(3 semester credit hours)</span> Enabli', '<span class=\"course_course_address\"><a href=\"https://catalog.utdallas.edu/2019/graduate/courses/cs6391\">CS 6391</a></span> <span class=\"course_title\">Optical Networks</span> <span class=\"course_hours\">(3 semester credit hours)</span> Enabling technologies', 'Optical Networks', '(3 semester credit hours)', 'Enabling technologies for optical networks. Wavelength-division multiplexing. Broadcast-and-select optical networks. Wavelength-routed optical networks. Virtual topology design. Routing and wavelength assignment. Network control and management. Protection', '<a href=\"https://catalog.utdallas.edu/2019/graduate/courses/cs5390\">CS 5390</a>', 'CS 5390', '<a href=\"https://catalog.utdallas.edu/2019/graduate/courses/cs6352\">CS 6352</a>', 'CS 6352', '2020-03-08 08:00:00', '2020-03-08 08:00:00'),
('cs6392', '<p id=\"cs6392\"><span class=\"course_course_address\"><a href=\"https://catalog.utdallas.edu/2019/graduate/courses/cs6392\">CS 6392</a></span> <span class=\"course_title\">Mobile Computing Systems</span> <span class=\"course_hours\">(3 semester credit hours)</span', '<span class=\"course_course_address\"><a href=\"https://catalog.utdallas.edu/2019/graduate/courses/cs6392\">CS 6392</a></span> <span class=\"course_title\">Mobile Computing Systems</span> <span class=\"course_hours\">(3 semester credit hours)</span> Topics includ', 'Mobile Computing Systems', '(3 semester credit hours)', 'Topics include coping with mobility of computing systems, data management, reliability issues, packet transmission, mobile IP, end-to-end reliable communication, channel and other resource allocation, slot assignment, routing protocols, and issues in mobi', '<a href=\"https://catalog.utdallas.edu/2019/graduate/courses/cs6378\">CS 6378</a>', 'CS 6378', '<a href=\"https://catalog.utdallas.edu/2019/graduate/courses/cs6390\">CS 6390</a>', 'CS 6390', '2020-03-08 08:00:00', '2020-03-08 08:00:00'),
('cs6393', '<p id=\"cs6393\"><span class=\"course_course_address\"><a href=\"https://catalog.utdallas.edu/2019/graduate/courses/cs6393\">CS 6393</a></span> <span class=\"course_title\">Advanced Algorithms in Biology</span> <span class=\"course_hours\">(3 semester credit hours)', '<span class=\"course_course_address\"><a href=\"https://catalog.utdallas.edu/2019/graduate/courses/cs6393\">CS 6393</a></span> <span class=\"course_title\">Advanced Algorithms in Biology</span> <span class=\"course_hours\">(3 semester credit hours)</span> Recent ', 'Advanced Algorithms in Biology', '(3 semester credit hours)', 'Recent advanced topics in algorithms in biology will be discussed. Topics will be chosen from: sorting and transformational operations on strings and permutations, structural analysis of proteins, pooling design and nonadaptive group testing, approximatio', '<a href=\"https://catalog.utdallas.edu/2019/graduate/courses/cs6363\">CS 6363</a>', 'CS 6363', '<a href=\"https://catalog.utdallas.edu/2019/graduate/courses/cs6325\">CS 6325</a>', 'CS 6325', '2020-03-08 08:00:00', '2020-03-08 08:00:00'),
('cs6395', '<p id=\"cs6395\"><span class=\"course_course_address\"><a href=\"https://catalog.utdallas.edu/2019/graduate/courses/cs6395\">CS 6395</a></span> <span class=\"course_title\">Speech Recognition, Synthesis, and Understanding</span> <span class=\"course_hours\">(3 seme', '<span class=\"course_course_address\"><a href=\"https://catalog.utdallas.edu/2019/graduate/courses/cs6395\">CS 6395</a></span> <span class=\"course_title\">Speech Recognition, Synthesis, and Understanding</span> <span class=\"course_hours\">(3 semester credit hou', 'Speech Recognition, Synthesis, and Understanding', '(3 semester credit hours)', 'Basic speech processing techniques: isolated word recognition using dynamic time warping, acoustic modeling using hidden Markov models, statistical language modeling, search algorithms in large vocabulary continuous speech recognition, components in text-', '<a href=\"https://catalog.utdallas.edu/2019/graduate/courses/cs5343\">CS 5343</a>', 'CS 5343', NULL, NULL, '2020-03-08 08:00:00', '2020-03-08 08:00:00'),
('cs6396', '<p id=\"cs6396\"><span class=\"course_course_address\"><a href=\"https://catalog.utdallas.edu/2019/graduate/courses/cs6396\">CS 6396</a></span> <span class=\"course_tccns\">(<a href=\"https://catalog.utdallas.edu/2019/graduate/courses/ce6308\">CE 6308</a> and <a hr', '<span class=\"course_course_address\"><a href=\"https://catalog.utdallas.edu/2019/graduate/courses/cs6396\">CS 6396</a></span> <span class=\"course_tccns\">(<a href=\"https://catalog.utdallas.edu/2019/graduate/courses/ce6308\">CE 6308</a> and <a href=\"https://cat', '(CE 6308 and EEDG 6308)', 'Real-Time Systems', 'Introduction to real-time applications and concepts. Real-time operating systems and resource management. Specification and design methods for real-time systems. System performance analysis and optimization techniques. Project to specify, analyze, design,', NULL, NULL, NULL, NULL, '2020-03-08 08:00:00', '2020-03-08 08:00:00'),
('cs6397', '<p id=\"cs6397\"><span class=\"course_course_address\"><a href=\"https://catalog.utdallas.edu/2019/graduate/courses/cs6397\">CS 6397</a></span> <span class=\"course_title\">Synthesis and Optimization of High-Performance Systems</span> <span class=\"course_hours\">(', '<span class=\"course_course_address\"><a href=\"https://catalog.utdallas.edu/2019/graduate/courses/cs6397\">CS 6397</a></span> <span class=\"course_title\">Synthesis and Optimization of High-Performance Systems</span> <span class=\"course_hours\">(3 semester cred', 'Synthesis and Optimization of High-Performance Systems', '(3 semester credit hours)', 'A comprehensive study of high-level synthesis and optimization algorithms for designing high performance systems with multiple CPUs or functional units for critical applications such as Multimedia, Signal processing, Telecommunications, Networks, and Grap', '<a href=\"https://catalog.utdallas.edu/2019/graduate/courses/cs5343\">CS 5343</a>', 'CS 5343', NULL, NULL, '2020-03-08 08:00:00', '2020-03-08 08:00:00'),
('cs6398', '<p id=\"cs6398\"><span class=\"course_course_address\"><a href=\"https://catalog.utdallas.edu/2019/graduate/courses/cs6398\">CS 6398</a></span> <span class=\"course_tccns\">(<a href=\"https://catalog.utdallas.edu/2019/graduate/courses/ce6398\">CE 6398</a> and <a hr', '<span class=\"course_course_address\"><a href=\"https://catalog.utdallas.edu/2019/graduate/courses/cs6398\">CS 6398</a></span> <span class=\"course_tccns\">(<a href=\"https://catalog.utdallas.edu/2019/graduate/courses/ce6398\">CE 6398</a> and <a href=\"https://cat', '(CE 6398 and EEDG 6398)', 'DSP Architectures', 'Typical DSP algorithms, representation of DSP algorithms, data-graph, FIR filters, convolutions, Fast Fourier Transform, Discrete Cosine Transform, low power design, VLSI implementation of DSP algorithms, implementation of DSP algorithms on DSP processors', NULL, NULL, NULL, NULL, '2020-03-08 08:00:00', '2020-03-08 08:00:00'),
('cs6399', '<p id=\"cs6399\"><span class=\"course_course_address\"><a href=\"https://catalog.utdallas.edu/2019/graduate/courses/cs6399\">CS 6399</a></span> <span class=\"course_tccns\">(<a href=\"https://catalog.utdallas.edu/2019/graduate/courses/ce6399\">CE 6399</a>)</span> <', '<span class=\"course_course_address\"><a href=\"https://catalog.utdallas.edu/2019/graduate/courses/cs6399\">CS 6399</a></span> <span class=\"course_tccns\">(<a href=\"https://catalog.utdallas.edu/2019/graduate/courses/ce6399\">CE 6399</a>)</span> <span class=\"cou', '(CE 6399)', 'Parallel Architectures and Systems', 'A comprehensive study of the fundamentals of parallel systems and architecture. Topics including parallel programming environment, fine-grain parallelism such as VLIW and superscalar, parallel computing paradigm of shared-memory, distributed-memory, data-', NULL, NULL, NULL, NULL, '2020-03-08 08:00:00', '2020-03-08 08:00:00'),
('cs6v81', '<p id=\"cs6v81\"><span class=\"course_course_address\"><a href=\"https://catalog.utdallas.edu/2019/graduate/courses/cs6v81\">CS 6V81</a></span> <span class=\"course_title\">Independent Study in Computer Science</span> <span class=\"course_hours\">(1-9 semester cred', '<span class=\"course_course_address\"><a href=\"https://catalog.utdallas.edu/2019/graduate/courses/cs6v81\">CS 6V81</a></span> <span class=\"course_title\">Independent Study in Computer Science</span> <span class=\"course_hours\">(1-9 semester credit hours)</span', 'Independent Study in Computer Science', '(1-9 semester credit hours)', 'May be repeated for credit. Prerequisite: ENCS majors only and instructor consent required. ([1-9]-0) S', NULL, NULL, NULL, NULL, '2020-03-08 08:00:00', '2020-03-08 08:00:00'),
('cs6v98', '<p id=\"cs6v98\"><span class=\"course_course_address\"><a href=\"https://catalog.utdallas.edu/2019/graduate/courses/cs6v98\">CS 6V98</a></span> <span class=\"course_title\">Thesis</span> <span class=\"course_hours\">(3-9 semester credit hours)</span> Pass/Fail only', '<span class=\"course_course_address\"><a href=\"https://catalog.utdallas.edu/2019/graduate/courses/cs6v98\">CS 6V98</a></span> <span class=\"course_title\">Thesis</span> <span class=\"course_hours\">(3-9 semester credit hours)</span> Pass/Fail only. May be repeat', 'Thesis', '(3-9 semester credit hours)', 'Pass/Fail only. May be repeated for credit. Instructor consent required. Prerequisite: ENCS majors only. ([3-9]-0) S', NULL, NULL, NULL, NULL, '2020-03-08 08:00:00', '2020-03-08 08:00:00'),
('cs7301', '<p id=\"cs7301\"><span class=\"course_course_address\"><a href=\"https://catalog.utdallas.edu/2019/graduate/courses/cs7301\">CS 7301</a></span> <span class=\"course_tccns\">(<a href=\"https://catalog.utdallas.edu/2019/graduate/courses/se7301\">SE 7301</a>)</span> <', '<span class=\"course_course_address\"><a href=\"https://catalog.utdallas.edu/2019/graduate/courses/cs7301\">CS 7301</a></span> <span class=\"course_tccns\">(<a href=\"https://catalog.utdallas.edu/2019/graduate/courses/se7301\">SE 7301</a>)</span> <span class=\"cou', '(SE 7301)', 'Recent Advances in Computing', 'Advanced topics and publications will be selected from the theory, design, and implementation issues in computing. May be repeated for credit as topics vary. Prerequisites: ENCS majors only and instructor consent required. (3-0) Y', NULL, NULL, NULL, NULL, '2020-03-08 08:00:00', '2020-03-08 08:00:00'),
('cs8v02', '<p id=\"cs8v02\"><span class=\"course_course_address\"><a href=\"https://catalog.utdallas.edu/2019/graduate/courses/cs8v02\">CS 8V02</a></span> <span class=\"course_title\">Topics in Computer Science</span> <span class=\"course_hours\">(1-6 semester credit hours)</', '<span class=\"course_course_address\"><a href=\"https://catalog.utdallas.edu/2019/graduate/courses/cs8v02\">CS 8V02</a></span> <span class=\"course_title\">Topics in Computer Science</span> <span class=\"course_hours\">(1-6 semester credit hours)</span> Pass/Fail', 'Topics in Computer Science', '(1-6 semester credit hours)', 'Pass/Fail only. May be repeated for credit (9 semester credit hours maximum). Instructor consent required. Prerequisite: ENCS majors only. ([1-6]-0) S', NULL, NULL, NULL, NULL, '2020-03-08 08:00:00', '2020-03-08 08:00:00'),
('cs8v07', '<p id=\"cs8v07\"><span class=\"course_course_address\"><a href=\"https://catalog.utdallas.edu/2019/graduate/courses/cs8v07\">CS 8V07</a></span> <span class=\"course_title\">Research</span> <span class=\"course_hours\">(1-9 semester credit hours)</span> Open to stud', '<span class=\"course_course_address\"><a href=\"https://catalog.utdallas.edu/2019/graduate/courses/cs8v07\">CS 8V07</a></span> <span class=\"course_title\">Research</span> <span class=\"course_hours\">(1-9 semester credit hours)</span> Open to students with advan', 'Research', '(1-9 semester credit hours)', 'Open to students with advanced standing subject to approval of the graduate advisor. Pass/Fail only. May be repeated for credit. Prerequisites: ENCS majors only and instructor consent required. ([1-9]-0) S', NULL, NULL, NULL, NULL, '2020-03-08 08:00:00', '2020-03-08 08:00:00'),
('cs8v99', '<p id=\"cs8v99\"><span class=\"course_course_address\"><a href=\"https://catalog.utdallas.edu/2019/graduate/courses/cs8v99\">CS 8V99</a></span> <span class=\"course_title\">Dissertation</span> <span class=\"course_hours\">(1-9 semester credit hours)</span> Pass/Fai', '<span class=\"course_course_address\"><a href=\"https://catalog.utdallas.edu/2019/graduate/courses/cs8v99\">CS 8V99</a></span> <span class=\"course_title\">Dissertation</span> <span class=\"course_hours\">(1-9 semester credit hours)</span> Pass/Fail only. May be ', 'Dissertation', '(1-9 semester credit hours)', 'Pass/Fail only. May be repeated for credit. Prerequisites: ENCS majors only and instructor consent required. ([1-9]-0) S', NULL, NULL, NULL, NULL, '2020-03-08 08:00:00', '2020-03-08 08:00:00');

-- --------------------------------------------------------

--
-- Table structure for table `degreeplan1`
--

CREATE TABLE `degreeplan1` (
  `UserId` varchar(100) NOT NULL,
  `case_name` varchar(100) NOT NULL,
  `TimeStamp` datetime NOT NULL DEFAULT current_timestamp(),
  `semadmit` varchar(100) NOT NULL,
  `core1` varchar(100) NOT NULL,
  `core2` varchar(100) NOT NULL,
  `core3` varchar(100) NOT NULL,
  `core4` varchar(100) NOT NULL DEFAULT '4',
  `core5` varchar(100) NOT NULL,
  `elec1` varchar(100) NOT NULL,
  `elec2` varchar(100) NOT NULL,
  `elec3` varchar(100) NOT NULL,
  `elec4` varchar(100) NOT NULL,
  `elec5` varchar(100) NOT NULL,
  `elec6` varchar(100) NOT NULL,
  `prereq1` varchar(100) DEFAULT NULL,
  `prereq2` varchar(100) DEFAULT NULL,
  `prereq3` varchar(100) DEFAULT NULL,
  `prereq4` varchar(100) DEFAULT NULL,
  `prereq5` varchar(100) DEFAULT NULL,
  `prereq6` varchar(100) DEFAULT NULL,
  `gradsem` varchar(25) NOT NULL DEFAULT 'Fall 2020',
  `core1sem` varchar(25) NOT NULL DEFAULT '1',
  `core2sem` varchar(25) NOT NULL DEFAULT '2',
  `core3sem` varchar(25) NOT NULL DEFAULT '3',
  `core4sem` varchar(25) NOT NULL DEFAULT '3',
  `core5sem` varchar(25) DEFAULT '4',
  `elec1sem` varchar(25) NOT NULL DEFAULT '1',
  `elec2sem` varchar(25) NOT NULL DEFAULT '2',
  `elec3sem` varchar(25) NOT NULL DEFAULT '3',
  `elec4sem` varchar(25) NOT NULL DEFAULT '4',
  `elec5sem` varchar(25) NOT NULL DEFAULT '2',
  `elec6sem` varchar(25) NOT NULL DEFAULT '1',
  `prereq1sem` varchar(25) DEFAULT NULL,
  `prereq2sem` varchar(25) DEFAULT NULL,
  `prereq3sem` varchar(25) NOT NULL DEFAULT '1',
  `prereq4sem` varchar(25) NOT NULL DEFAULT '1',
  `prereq5sem` varchar(25) NOT NULL DEFAULT '1',
  `prereq6sem` varchar(25) DEFAULT NULL,
  `core1grade` varchar(25) NOT NULL DEFAULT 'A',
  `core2grade` varchar(25) NOT NULL DEFAULT 'B+',
  `core3grade` varchar(25) NOT NULL DEFAULT 'A',
  `core4grade` varchar(25) NOT NULL DEFAULT 'B-',
  `core5grade` varchar(25) NOT NULL DEFAULT 'B+',
  `elec1grade` varchar(25) NOT NULL DEFAULT 'A',
  `elec2grade` varchar(25) NOT NULL DEFAULT 'A-',
  `elec3grade` varchar(25) NOT NULL DEFAULT 'A-',
  `elec4grade` varchar(25) NOT NULL DEFAULT 'B',
  `elec5grade` varchar(25) NOT NULL DEFAULT 'B+',
  `elec6grade` varchar(25) NOT NULL DEFAULT 'A',
  `prereq1grade` varchar(25) DEFAULT 'A',
  `prereq2grade` varchar(25) DEFAULT 'A',
  `prereq3grade` varchar(25) DEFAULT 'A',
  `prereq4grade` varchar(25) DEFAULT 'A-',
  `prereq5grade` varchar(25) DEFAULT 'A',
  `prereq6grade` varchar(25) DEFAULT 'A'
) ENGINE=InnoDB DEFAULT CHARSET=utf8mb4;

--
-- Dumping data for table `degreeplan1`
--

INSERT INTO `degreeplan1` (`UserId`, `case_name`, `TimeStamp`, `semadmit`, `core1`, `core2`, `core3`, `core4`, `core5`, `elec1`, `elec2`, `elec3`, `elec4`, `elec5`, `elec6`, `prereq1`, `prereq2`, `prereq3`, `prereq4`, `prereq5`, `prereq6`, `gradsem`, `core1sem`, `core2sem`, `core3sem`, `core4sem`, `core5sem`, `elec1sem`, `elec2sem`, `elec3sem`, `elec4sem`, `elec5sem`, `elec6sem`, `prereq1sem`, `prereq2sem`, `prereq3sem`, `prereq4sem`, `prereq5sem`, `prereq6sem`, `core1grade`, `core2grade`, `core3grade`, `core4grade`, `core5grade`, `elec1grade`, `elec2grade`, `elec3grade`, `elec4grade`, `elec5grade`, `elec6grade`, `prereq1grade`, `prereq2grade`, `prereq3grade`, `prereq4grade`, `prereq5grade`, `prereq6grade`) VALUES
('user1', 'user1 2020-04-05 06:57:46pm', '2020-04-05 06:57:46', 'fall 2019', 'Natural Language Processing CS6320', ' Design and Analysis of Computer Algorithms CS6363', 'Artificial Intelligence CS6364', 'Machine Learning CS6375', 'DBDesignCS6360', 'Computer Architecture CS6304', 'Introduction to Big Data Management and Analytics CS6307', 'Web Programming Languages CS6314', 'Semantic Web CS6315', 'Discourse Processing CS6321', 'Information Security CS6324', 'Computer Science I CS5303', 'Computer Science II CS 5330', 'Discrete Structures CS 5333', 'Algorithm Analysis & Data Structures CS 5343', '', '', 'summer 2021', 'fall 2020', 'fall 2020', 'spring 2021', 'spring 2020', 'fall 2019', 'fall 2020', 'fall 2019', 'spring 2020', 'spring 2021', 'spring 2020', 'fall 2020', 'summer 2020', 'summer 2020', 'fall 2020', 'fall 2019', '', '', 'A-', 'A', 'B', 'A', 'B-', 'A', 'A-', 'C', 'B', 'B-', 'C', 'A', 'A-', 'A', 'A-', '', ''),
('user1', 'user1 2020-04-05 07:28:53pm', '2020-04-05 07:28:53', 'fall 2019', 'Natural Language Processing CS6320', ' Design and Analysis of Computer Algorithms CS6363', 'Artificial Intelligence CS6364', 'Machine Learning CS6375', 'AdOSCS6378', 'Web Programming Languages CS6314', 'Information Security CS6324', 'Information Retrieval CS6322', 'Human Computer Interactions CS6326', 'Introduction to Big Data Management and Analytics CS6307', 'Discourse Processing CS6321', '', '', 'Discrete Structures CS 5333', 'Algorithm Analysis & Data Structures CS 5343', 'Operating Systems Concepts CS 5348', '', 'summer 2021', 'fall 2020', 'fall 2020', 'spring 2021', 'spring 2020', 'spring 2020', 'spring 2020', 'fall 2019', 'spring 2020', 'fall 2020', 'spring2021', 'spring 2021', '', '', 'fall 2019', 'spring 2020', 'spring 2020', '', 'A-', 'B', 'B-', 'A', 'A', 'C', 'A', 'A', 'A-', 'B', 'A', '', '', 'A-', 'B-', 'C', ''),
('user2', 'user2 2020-04-05 07:47:51pm', '2020-04-05 07:47:51', 'spring 2020', 'Natural Language Processing CS6320', ' Design and Analysis of Computer Algorithms CS6363', 'Artificial Intelligence CS6364', 'Machine Learning CS6375', 'DBDesignCS6360', 'Web Programming Languages CS6314', 'Virtual Reality CS6334', 'Introduction to Big Data Management and Analytics CS6307', 'Special Topics in Computer ScienceII CS6302', 'Special Topics in Computer ScienceI CS6301', 'Human Computer Interactions CS6326', '', '', 'Discrete Structures CS 5333', 'Algorithm Analysis & Data Structures CS 5343', '', '', 'spring 2022', 'fall 2021', 'fall 2021', 'fall 2020', 'spring 2020', 'fall 2020', 'spring 2021', 'fall 2020', 'spring 2021', 'fall 2021', 'spring 2021', '', '', '', 'spring 2020', 'fall 2020', '', '', 'A', 'A-', 'B', 'A-', 'A-', 'B-', 'C', 'A', 'A-', 'A', 'A', '', '', 'B', 'B-', '', ''),
('reet', 'reet 2020-04-06 05:56:32am', '2020-04-06 05:56:32', 'fall 2019', 'Natural Language Processing CS6320', ' Design and Analysis of Computer Algorithms CS6363', 'Artificial Intelligence CS6364', 'Machine Learning CS6375', 'Advanced Operating Systems CS6378', 'Virtual Reality CS6334', 'Multimedia Systems CS6331', 'Human Computer Interactions CS6326', 'Discourse Processing CS6321', 'Parallel Processing CS6376', 'Professional and Technical Communication CS5301', 'Computer Science I CS5303', 'Computer Science II CS 5330', 'Discrete Structures CS 5333', 'Algorithm Analysis & Data Structures CS 5343', 'Operating Systems Concepts CS 5348', 'Software Engineering CS 5354', 'Fall 2020', '1', '2', '3', '3', '4', '1', '2', '3', '4', '2', '1', NULL, NULL, '1', '1', '1', NULL, 'A', 'B+', 'A', 'B-', 'B+', 'A', 'A-', 'A-', 'B', 'B+', 'A', 'A', 'A', 'A', 'A-', 'A', 'A'),
('root', 'root 2020-04-06 06:03:48am', '2020-04-06 06:03:48', 'fall 2018', 'Natural Language Processing CS6320', ' Design and Analysis of Computer Algorithms CS6363', 'Artificial Intelligence CS6364', 'Machine Learning CS6375', 'DBDesignCS6360', 'Introduction to Bioinformatics CS6325', 'Introduction to Big Data Management and Analytics CS6307', 'Special Topics in Computer ScienceI CS6301', 'Statistical Methods for Data Science CS6313', 'Multimedia Systems CS6331', 'Professional and Technical Communication CS5301', 'Computer Science I CS5303', 'Computer Science II CS 5330', 'Discrete Structures CS 5333', 'Algorithm Analysis & Data Structures CS 5343', '', 'Software Engineering CS 5354', 'Fall 2020', '1', '2', '3', '3', '4', '1', '2', '3', '4', '2', '1', NULL, NULL, '1', '1', '1', NULL, 'A', 'B+', 'A', 'B-', 'B+', 'A', 'A-', 'A-', 'B', 'B+', 'A', 'A', 'A', 'A', 'A-', 'A', 'A'),
('reet', 'reet 2020-04-06 06:07:26am', '2020-04-06 06:07:26', 'fall 2019', 'Natural Language Processing CS6320', ' Design and Analysis of Computer Algorithms CS6363', 'Artificial Intelligence CS6364', 'Machine Learning CS6375', 'AdOSCS6378', 'Introduction to Bioinformatics CS6325', 'Human Computer Interactions CS6326', 'Introduction to Bioinformatics CS6325', 'Speech Recognition, Synthesis, and Understanding CS6395', 'Software Maintenance, Evolution, and Re-Engineering CS6356', 'Professional and Technical Communication CS5301', 'Computer Science I CS5303', 'Computer Science II CS 5330', 'Discrete Structures CS 5333', 'Algorithm Analysis & Data Structures CS 5343', 'Operating Systems Concepts CS 5348', 'Software Engineering CS 5354', 'Fall 2020', '1', '2', '3', '3', '4', '1', '2', '3', '4', '2', '1', NULL, NULL, '1', '1', '1', NULL, 'A', 'B+', 'A', 'B-', 'B+', 'A', 'A-', 'A-', 'B', 'B+', 'A', 'A', 'A', 'A', 'A-', 'A', 'A'),
('reet', 'reet 2020-04-06 06:08:04am', '2020-04-06 06:08:04', 'spring 2019', 'Natural Language Processing CS6320', ' Design and Analysis of Computer Algorithms CS6363', 'Artificial Intelligence CS6364', 'Machine Learning CS6375', 'Database Design CS6360', 'Information Security CS6324', 'Introduction to Big Data Management and Analytics CS6307', 'Statistical Methods for Data Science CS6313', 'Special Topics in Computer ScienceI CS6301', 'Combinatorics and Graph Algorithms CS6381', 'Professional and Technical Communication CS5301', 'Computer Science I CS5303', 'Computer Science II CS 5330', 'Discrete Structures CS 5333', 'Algorithm Analysis & Data Structures CS 5343', 'Operating Systems Concepts CS 5348', 'Software Engineering CS 5354', 'Fall 2020', '1', '2', '3', '3', '4', '1', '2', '3', '4', '2', '1', NULL, NULL, '1', '1', '1', NULL, 'A', 'B+', 'A', 'B-', 'B+', 'A', 'A-', 'A-', 'B', 'B+', 'A', 'A', 'A', 'A', 'A-', 'A', 'A');

-- --------------------------------------------------------

--
-- Table structure for table `userlog`
--

CREATE TABLE `userlog` (
  `UserId` varchar(100) NOT NULL,
  `Login_Time` datetime NOT NULL DEFAULT current_timestamp(),
  `Logout_Time` datetime NOT NULL DEFAULT current_timestamp()
) ENGINE=InnoDB DEFAULT CHARSET=utf8mb4;

--
-- Dumping data for table `userlog`
--

INSERT INTO `userlog` (`UserId`, `Login_Time`, `Logout_Time`) VALUES
('reet', '2020-04-06 01:06:31', '2020-04-06 06:06:31'),
('reet', '2020-04-06 01:07:26', '2020-04-06 06:07:26'),
('reet', '2020-04-06 01:08:04', '2020-04-06 06:08:04'),
('reet', '2020-04-06 05:54:24', '2020-04-06 05:54:24'),
('reet', '2020-04-06 06:06:31', '2020-04-06 06:06:31'),
('reet', '2020-04-06 12:54:24', '2020-04-06 05:54:24'),
('reet', '2020-04-06 12:55:51', '2020-04-06 05:55:51'),
('reet', '2020-04-06 12:56:32', '2020-04-06 05:56:32'),
('root', '2020-04-06 01:01:53', '2020-04-06 06:01:53'),
('root', '2020-04-06 01:03:24', '2020-04-06 06:03:24'),
('root', '2020-04-06 01:03:48', '2020-04-06 06:03:48'),
('root', '2020-04-06 06:01:53', '2020-04-06 06:01:53'),
('user1', '2020-04-01 01:56:29', '2020-04-01 01:58:14'),
('user1', '2020-04-01 01:59:04', '0000-00-00 00:00:00'),
('user1', '2020-04-06 05:47:43', '2020-04-06 05:47:43'),
('user1', '2020-04-06 12:47:43', '2020-04-06 05:47:43');

-- --------------------------------------------------------

--
-- Table structure for table `users`
--

CREATE TABLE `users` (
  `Username` varchar(100) NOT NULL,
  `UserId` varchar(100) NOT NULL,
  `password` varchar(100) NOT NULL,
  `EmailID` varchar(100) NOT NULL,
  `created_Date_Time` datetime NOT NULL DEFAULT current_timestamp(),
  `track` varchar(255) NOT NULL,
  `semester` varchar(255) NOT NULL
) ENGINE=InnoDB DEFAULT CHARSET=utf8mb4;

--
-- Dumping data for table `users`
--

INSERT INTO `users` (`Username`, `UserId`, `password`, `EmailID`, `created_Date_Time`, `track`, `semester`) VALUES
('reet', 'reet', 'reet', 'reet@utd.edu', '2020-04-06 05:54:11', 'Intelligent Systems', 'fall 2019'),
('root', 'root', 'root', 'root@utd.edu', '2020-04-06 06:01:44', 'Traditional CS', 'fall 2018'),
('user1', 'user1', 'user1', 'user1@utd', '2020-04-01 01:55:28', 'data science', 'fall 2019');

--
-- Indexes for dumped tables
--

--
-- Indexes for table `course1`
--
ALTER TABLE `course1`
  ADD PRIMARY KEY (`course_id`);

--
-- Indexes for table `userlog`
--
ALTER TABLE `userlog`
  ADD PRIMARY KEY (`UserId`,`Login_Time`);

--
-- Indexes for table `users`
--
ALTER TABLE `users`
  ADD PRIMARY KEY (`UserId`);
COMMIT;

/*!40101 SET CHARACTER_SET_CLIENT=@OLD_CHARACTER_SET_CLIENT */;
/*!40101 SET CHARACTER_SET_RESULTS=@OLD_CHARACTER_SET_RESULTS */;
/*!40101 SET COLLATION_CONNECTION=@OLD_COLLATION_CONNECTION */;
